site,search,title,day,year,media_type,further_info
http://www.sacbee.com/,covid,"Hundreds of thousands more than thought may have had coronavirus in L.A., study finds",NA2,NA2,article,"{u'kind': u'customsearch#result', u'title': u'Hundreds of thousands in LA had coronavirus, USC study says | The ...', u'displayLink': u'www.sacbee.com', u'htmlTitle': u'Hundreds of thousands in LA had coronavirus, USC study says | The ...', u'formattedUrl': u'https://www.sacbee.com/news/coronavirus/article242154816.html', u'htmlFormattedUrl': u'https://www.sacbee.com/news/coronavirus/article242154816.html', u'pagemap': {u'metatags': [{u'msapplication-tilecolor': u'#FFFFFF', u'twitter:image': u'https://www.thestate.com/latest-news/6vaosm/picture242133151/alternates/LANDSCAPE_1140/COL_drivethroughtestingcovid4.JPG', u'parsely-metadata': u'{""article_id"": ""242154816""}', u'fb:app_id': u'832188313608327', u'allow-comments': u'true', u'twitter:site': u'sacbee_news', u'og:url': u'https://www.sacbee.com/news/coronavirus/article242154816.html', u'title': u'Hundreds of thousands in LA had coronavirus, USC study says | The Sacramento Bee', u'og:type': u'article', u'apple-itunes-app': u'app-id=382902278, affiliate-data=at=1010lHsN&ct=SmartAppBannerSAC, app-argument=https://www.sacbee.com/news/coronavirus/article242154816.html?appNav=smartBanner', u'og:title': u'Hundreds of thousands more than thought may have had coronavirus in L.A., study finds', u'twitter:title': u'Hundreds of thousands more than thought may have had coronavirus in L.A., study finds', u'article:opinion': u'false', u'fb:pages': u'21595906224', u'news_keywords': u'USC, University of Southern California, report, LA County, Los Angeles, COVID-19, coronavirus, antibodies, recover, cases', u'original-source': u'https://www.sacbee.com/news/coronavirus/article242154816.html', u'msapplication-tileimage': u'https://www.sacbee.com/wps/source/images/sacbee/windowsmetro-144.png', u'og:image': u'https://www.thestate.com/latest-news/6vaosm/picture242133151/alternates/LANDSCAPE_1140/COL_drivethroughtestingcovid4.JPG', u'viewport': u'width=device-width, initial-scale=1.0', u'og:site_name': u'sacbee', u'twitter:card': u'summary_large_image', u'twitter:description': u'\u201cWe haven\u2019t known the true extent of COVID-19 infections in our community because we have only tested people with symptoms.\u201d', u'og:description': u'\u201cWe haven\u2019t known the true extent of COVID-19 infections in our community because we have only tested people with symptoms.\u201d'}], u'cse_thumbnail': [{u'src': u'https://encrypted-tbn2.gstatic.com/images?q=tbn:ANd9GcQZzPm8V8WeV8yKamjVMgRtIKX2Nb7b19ruoHAgz-qHsWL2DTE_N25xXNE', u'height': u'168', u'width': u'300'}], u'cse_image': [{u'src': u'https://www.thestate.com/latest-news/6vaosm/picture242133151/alternates/LANDSCAPE_1140/COL_drivethroughtestingcovid4.JPG'}]}, u'snippet': u'Apr 19, 2020 ... University of Southern California said in a report 2.8% to 5.6% of LA county \nadults have COVID-19 antibodies, so 221000 to 442000 people\xa0...', u'htmlSnippet': u'Apr 19, 2020 <b>...</b> University of Southern California said in a report 2.8% to 5.6% of LA county <br>\nadults have <b>COVID</b>-19 antibodies, so 221000 to 442000 people&nbsp;...', u'link': u'https://www.sacbee.com/news/coronavirus/article242154816.html'}"
http://www.sacbee.com/,covid,California has a coronavirus stay-at-home order. So why did CHP permit a large protest?,NA2,NA2,article,"{u'kind': u'customsearch#result', u'title': u'CA vaccine activists protest Gavin Newsom coronavirus order | The ...', u'displayLink': u'www.sacbee.com', u'htmlTitle': u'CA vaccine activists protest Gavin Newsom coronavirus order | The ...', u'formattedUrl': u'https://www.sacbee.com/news/local/crime/article242129761.html', u'htmlFormattedUrl': u'https://www.sacbee.com/news/local/crime/article242129761.html', u'pagemap': {u'metatags': [{u'msapplication-tilecolor': u'#FFFFFF', u'twitter:image': u'https://cf-images.us-east-1.prod.boltdns.net/v1/static/5502557042001/b6a14c3f-752c-4c30-b81e-5c7208f85f62/ca806dbd-e928-4346-9d4e-e92f71dc5030/1280x720/match/image.jpg', u'parsely-metadata': u'{""article_id"": ""242129761""}', u'fb:app_id': u'832188313608327', u'allow-comments': u'true', u'twitter:site': u'sacbee_news', u'og:url': u'https://www.sacbee.com/news/california/article242129761.html', u'title': u'CA vaccine activists protest Gavin Newsom coronavirus order | The Sacramento Bee', u'og:type': u'article', u'apple-itunes-app': u'app-id=382902278, affiliate-data=at=1010lHsN&ct=SmartAppBannerSAC, app-argument=https://www.sacbee.com/news/california/article242129761.html?appNav=smartBanner', u'og:title': u'California has a coronavirus stay-at-home order. So why did CHP permit a large protest?', u'twitter:title': u'California has a coronavirus stay-at-home order. So why did CHP permit a large protest?', u'article:opinion': u'false', u'fb:pages': u'21595906224', u'news_keywords': u'coronavirus, protest, California, Gavin Newsom, vaccine, covid 19, economy, open, Donald Trump, Sacramento', u'original-source': u'https://www.sacbee.com/news/local/crime/article242129761.html', u'msapplication-tileimage': u'https://www.sacbee.com/wps/source/images/sacbee/windowsmetro-144.png', u'og:image': u'https://cf-images.us-east-1.prod.boltdns.net/v1/static/5502557042001/b6a14c3f-752c-4c30-b81e-5c7208f85f62/ca806dbd-e928-4346-9d4e-e92f71dc5030/1280x720/match/image.jpg', u'viewport': u'width=device-width, initial-scale=1.0', u'og:site_name': u'sacbee', u'twitter:card': u'summary_large_image', u'twitter:description': u'Gov. Gavin Newsom has issued an order banning large gatherings because of the coronavirus crisis, and Sacramento-area law enforcement officials warned last week that they will start citing people who violate the ban.', u'og:description': u'Gov. Gavin Newsom has issued an order banning large gatherings because of the coronavirus crisis, and Sacramento-area law enforcement officials warned last week that they will start citing people who violate the ban.'}], u'cse_thumbnail': [{u'src': u'https://encrypted-tbn1.gstatic.com/images?q=tbn:ANd9GcSBhxHzWyX9FlSB-ruIG6Fg89YnY4tzZtHEG0g5LJ7B9-X7cGWPg0Bx6QQ', u'height': u'168', u'width': u'300'}], u'cse_image': [{u'src': u'https://cf-images.us-east-1.prod.boltdns.net/v1/static/5502557042001/b6a14c3f-752c-4c30-b81e-5c7208f85f62/ca806dbd-e928-4346-9d4e-e92f71dc5030/1280x720/match/image.jpg'}]}, u'snippet': u'Apr 19, 2020 ... COVID-19 has killed more than 1,150 people in California and infected 30,000, \naccording to the state Department of Public Health. Newsom\xa0...', u'htmlSnippet': u'Apr 19, 2020 <b>...</b> <b>COVID</b>-19 has killed more than 1,150 people in California and infected 30,000, <br>\naccording to the state Department of Public Health. Newsom&nbsp;...', u'link': u'https://www.sacbee.com/news/local/crime/article242129761.html'}"
http://www.sacbee.com/,covid,Food going to restaurants has come to a grinding halt. COVID-19 impact on farmers business,NA2,NA2,article,"{u'kind': u'customsearch#result', u'title': u'Impact of covid-19 on organic farming in Yolo County, CA | The ...', u'displayLink': u'www.sacbee.com', u'htmlTitle': u'Impact of <b>covid</b>-19 on organic farming in Yolo County, CA | The ...', u'formattedUrl': u'https://www.sacbee.com/news/business/article242138656.html', u'htmlFormattedUrl': u'https://www.sacbee.com/news/business/article242138656.html', u'pagemap': {u'metatags': [{u'msapplication-tilecolor': u'#FFFFFF', u'twitter:image': u'https://cf-images.us-east-1.prod.boltdns.net/v1/static/5502557042001/f5b0d234-57e4-406b-9ddd-28746c138bd5/2469d385-8925-4cd7-9cfb-d73f6ce693a7/1280x720/match/image.jpg', u'parsely-metadata': u'{""article_id"": ""242138656""}', u'fb:app_id': u'832188313608327', u'allow-comments': u'false', u'twitter:site': u'sacbee_news', u'og:url': u'https://www.sacbee.com/news/business/article242138656.html', u'title': u'Impact of covid-19 on organic farming in Yolo County, CA | The Sacramento Bee', u'og:type': u'article', u'apple-itunes-app': u'app-id=382902278, affiliate-data=at=1010lHsN&ct=SmartAppBannerSAC, app-argument=https://www.sacbee.com/news/business/article242138656.html?appNav=smartBanner', u'og:title': u'\u2018Food going to restaurants has come to a grinding halt.\u2019 COVID-19 impact on farmer\u2019s business', u'twitter:title': u'\u2018Food going to restaurants has come to a grinding halt.\u2019 COVID-19 impact on farmer\u2019s business', u'article:opinion': u'false', u'fb:pages': u'21595906224', u'news_keywords': u'coronavirus. organic, produce, restaurants, farming, produce, yolo, Guida, CSA, riverdog', u'original-source': u'https://www.sacbee.com/news/business/article242138656.html', u'msapplication-tileimage': u'https://www.sacbee.com/wps/source/images/sacbee/windowsmetro-144.png', u'og:image': u'https://cf-images.us-east-1.prod.boltdns.net/v1/static/5502557042001/f5b0d234-57e4-406b-9ddd-28746c138bd5/2469d385-8925-4cd7-9cfb-d73f6ce693a7/1280x720/match/image.jpg', u'viewport': u'width=device-width, initial-scale=1.0', u'og:site_name': u'sacbee', u'twitter:card': u'summary_large_image', u'twitter:description': u'Organic farmer Trini Campbell of Riverdog Farm in Guinda talks on April 16, 2020, about how her business \u2013 selling fresh produce at farmers markets and to restaurants, and subscription boxes to homes \u2013 has been affected by the coronavirus crisis.', u'og:description': u'Organic farmer Trini Campbell of Riverdog Farm in Guinda talks on April 16, 2020, about how her business \u2013 selling fresh produce at farmers markets and to restaurants, and subscription boxes to homes \u2013 has been affected by the coronavirus crisis.'}], u'cse_thumbnail': [{u'src': u'https://encrypted-tbn0.gstatic.com/images?q=tbn:ANd9GcQcz3IPr6zikI4G5p3NJofLL-WOIkc_7cgMMcAAx0R_pG169YB9T8CflAA', u'height': u'168', u'width': u'300'}], u'cse_image': [{u'src': u'https://cf-images.us-east-1.prod.boltdns.net/v1/static/5502557042001/f5b0d234-57e4-406b-9ddd-28746c138bd5/2469d385-8925-4cd7-9cfb-d73f6ce693a7/1280x720/match/image.jpg'}]}, u'snippet': u'Apr 19, 2020 ... Organic farmer Trini Campbell of Riverdog Farm in Guinda talks on April 16, \n2020, about how her business \u2013 selling fresh produce at farmers\xa0...', u'htmlSnippet': u'Apr 19, 2020 <b>...</b> Organic farmer Trini Campbell of Riverdog Farm in Guinda talks on April 16, <br>\n2020, about how her business \u2013 selling fresh produce at farmers&nbsp;...', u'link': u'https://www.sacbee.com/news/business/article242138656.html'}"
http://www.sacbee.com/,covid,"Coronavirus keeps gasoline demand, and prices, low for drivers in Fresno and the Valley",NA2,NA2,article,"{u'kind': u'customsearch#result', u'title': u'Gas prices in Fresno CA keep falling in coronavirus crisis | The ...', u'displayLink': u'www.sacbee.com', u'htmlTitle': u'Gas prices in Fresno CA keep falling in coronavirus crisis | The ...', u'formattedUrl': u'https://www.sacbee.com/news/california/article242152621.html', u'htmlFormattedUrl': u'https://www.sacbee.com/news/california/article242152621.html', u'pagemap': {u'metatags': [{u'msapplication-tilecolor': u'#FFFFFF', u'twitter:image': u'https://cf-images.us-east-1.prod.boltdns.net/v1/static/5502557042001/e1aa1c9c-b83b-4e45-8bcb-fb457b03289d/63d58a94-bcaf-4719-be90-c7b905b88442/1280x720/match/image.jpg', u'parsely-metadata': u'{""article_id"": ""242152621""}', u'fb:app_id': u'157169821150769', u'allow-comments': u'true', u'twitter:site': u'FresnoBee', u'og:url': u'https://www.fresnobee.com/news/local/article242152621.html', u'title': u'Gas prices in Fresno CA keep falling in coronavirus crisis | The Fresno Bee', u'og:type': u'article', u'apple-itunes-app': u'app-id=432560099, affiliate-data=at=1010lHsN&ct=SmartAppBannerFRS, app-argument=https://www.fresnobee.com/news/local/article242152621.html?appNav=smartBanner', u'og:title': u'Coronavirus keeps gasoline demand, and prices, low for drivers in Fresno and the Valley', u'twitter:title': u'Coronavirus keeps gasoline demand, and prices, low for drivers in Fresno and the Valley', u'article:opinion': u'false', u'fb:pages': u'84794959557', u'news_keywords': u'gas, price, fresno, california, oil, cost, gallon, coronavirus, covid 19, oil', u'original-source': u'https://www.fresnobee.com/news/local/article242152621.html', u'msapplication-tileimage': u'https://www.fresnobee.com/wps/source/images/fresnobee/windowsmetro-144.png', u'og:image': u'https://cf-images.us-east-1.prod.boltdns.net/v1/static/5502557042001/e1aa1c9c-b83b-4e45-8bcb-fb457b03289d/63d58a94-bcaf-4719-be90-c7b905b88442/1280x720/match/image.jpg', u'viewport': u'width=device-width, initial-scale=1.0', u'og:site_name': u'fresnobee', u'twitter:card': u'summary_large_image', u'twitter:description': u'The cheapest gas in the Fresno area on Monday was $1.99 per gallon. This is the season when prices are usually rising.', u'og:description': u'The cheapest gas in the Fresno area on Monday was $1.99 per gallon. This is the season when prices are usually rising.'}], u'cse_thumbnail': [{u'src': u'https://encrypted-tbn1.gstatic.com/images?q=tbn:ANd9GcTaFkPQQPpmKXjDzoCDiDJ0WDy2VSFZEdbKiYLlPAx9Co0rB24ntYu6FvI', u'height': u'168', u'width': u'300'}], u'cse_image': [{u'src': u'https://cf-images.us-east-1.prod.boltdns.net/v1/static/5502557042001/e1aa1c9c-b83b-4e45-8bcb-fb457b03289d/63d58a94-bcaf-4719-be90-c7b905b88442/1280x720/match/image.jpg'}]}, u'snippet': u'Apr 19, 2020 ... What is the average price for a gallon of regular gasoline in Fresno, California? \nThe COVID-19 pandemic has decreased demand, forcing gas\xa0...', u'htmlSnippet': u'Apr 19, 2020 <b>...</b> What is the average price for a gallon of regular gasoline in Fresno, California? <br>\nThe <b>COVID</b>-19 pandemic has decreased demand, forcing gas&nbsp;...', u'link': u'https://www.sacbee.com/news/california/article242152621.html'}"
http://www.sacbee.com/,covid,A coronavirus yard sale? Idaho cops say woman cited for violating stay-at-home order,NA2,NA2,article,"{u'kind': u'customsearch#result', u'title': u'Police: ID woman cited for yard sale during stay-home order | Idaho ...', u'displayLink': u'www.sacbee.com', u'htmlTitle': u'Police: ID woman cited for yard sale during stay-home order | Idaho ...', u'formattedUrl': u'https://www.sacbee.com/news/coronavirus/article242160971.html', u'htmlFormattedUrl': u'https://www.sacbee.com/news/coronavirus/article242160971.html', u'pagemap': {u'metatags': [{u'msapplication-tilecolor': u'#FFFFFF', u'twitter:image': u'https://www.idahostatesman.com/latest-news/4idt2w/picture241510001/alternates/LANDSCAPE_1140/BOI_0325virusgovlittle01', u'parsely-metadata': u'{""article_id"": ""242160971""}', u'fb:app_id': u'403238979787734', u'allow-comments': u'true', u'twitter:site': u'idahostatesman', u'og:url': u'https://www.idahostatesman.com/news/coronavirus/article242160971.html', u'title': u'Police: ID woman cited for yard sale during stay-home order | Idaho Statesman', u'og:type': u'article', u'apple-itunes-app': u'app-id=390819220, affiliate-data=at=1010lHsN&ct=SmartAppBannerBOI, app-argument=https://www.idahostatesman.com/news/coronavirus/article242160971.html?appNav=smartBanner', u'og:title': u'A coronavirus yard sale? Idaho cops say woman cited for violating stay-at-home order', u'twitter:title': u'A coronavirus yard sale? Idaho cops say woman cited for violating stay-at-home order', u'article:opinion': u'false', u'fb:pages': u'43887022493', u'news_keywords': u'idaho, stay at home order, brad little, cite, yard sale, rathdrum police, violate, coronavirus,', u'original-source': u'https://www.idahostatesman.com/news/coronavirus/article242160971.html', u'msapplication-tileimage': u'https://www.idahostatesman.com/wps/source/images/idahostatesman/windowsmetro-144.png', u'og:image': u'https://www.idahostatesman.com/latest-news/4idt2w/picture241510001/alternates/LANDSCAPE_1140/BOI_0325virusgovlittle01', u'viewport': u'width=device-width, initial-scale=1.0', u'og:site_name': u'idahostatesman', u'twitter:card': u'summary_large_image', u'twitter:description': u'\u201cA garage sale/yard sale is not an essential business and should not be open for business,\u201d police said.', u'og:description': u'\u201cA garage sale/yard sale is not an essential business and should not be open for business,\u201d police said.'}], u'cse_thumbnail': [{u'src': u'https://encrypted-tbn3.gstatic.com/images?q=tbn:ANd9GcS-XATMmvDp8CVhVi6qsd34faxfk6drfQNuMrxCayx_UHVZZ5gB3azQECq2', u'height': u'168', u'width': u'300'}], u'cse_image': [{u'src': u'https://www.idahostatesman.com/latest-news/4idt2w/picture241510001/alternates/LANDSCAPE_1140/BOI_0325virusgovlittle01'}]}, u'snippet': u'Apr 19, 2020 ... Brad Little issues a statewide stay-at-home order to further prevent spread of \ncoronavirus COVID-19 at a press conference Wednesday, March\xa0...', u'htmlSnippet': u'Apr 19, 2020 <b>...</b> Brad Little issues a statewide stay-at-home order to further prevent spread of <br>\ncoronavirus <b>COVID</b>-19 at a press conference Wednesday, March&nbsp;...', u'link': u'https://www.sacbee.com/news/coronavirus/article242160971.html'}"
http://www.sacbee.com/,covid,"Mid-April in America is an unforgiving time, and now this",NA2,NA2,article,"{u'kind': u'customsearch#result', u'title': u'Mid-April in America is an unforgiving time, and now this | The ...', u'displayLink': u'www.sacbee.com', u'htmlTitle': u'Mid-April in America is an unforgiving time, and now this | The ...', u'formattedUrl': u'https://www.sacbee.com/news/article242158186.html', u'htmlFormattedUrl': u'https://www.sacbee.com/news/article242158186.html', u'pagemap': {u'metatags': [{u'msapplication-tilecolor': u'#FFFFFF', u'twitter:image': u'https://www.mcclatchy-wires.com/incoming/26r7vj/picture242158136/alternates/LANDSCAPE_1140/Virus_Outbreak_Unforgiving_April_11408.jpg', u'parsely-metadata': u'{""article_id"": ""242158186""}', u'fb:app_id': u'832188313608327', u'allow-comments': u'true', u'twitter:site': u'sacbee_news', u'og:url': u'https://www.sacbee.com/news/article242158186.html', u'copyright': u'Copyright 2020 The Associated Press. All rights reserved. This material may not be published, broadcast, rewritten or redistributed without permission.', u'title': u'Mid-April in America is an unforgiving time, and now this | The Sacramento Bee', u'og:type': u'article', u'apple-itunes-app': u'app-id=382902278, affiliate-data=at=1010lHsN&ct=SmartAppBannerSAC, app-argument=https://www.sacbee.com/news/article242158186.html?appNav=smartBanner', u'og:title': u'Mid-April in America is an unforgiving time, and now this', u'twitter:title': u'Mid-April in America is an unforgiving time, and now this', u'article:opinion': u'false', u'fb:pages': u'21595906224', u'news_keywords': u'Virus Outbreak, Unforgiving April', u'expires': u'Tue, 05 May 2020 02:37:58 UTC', u'msapplication-tileimage': u'https://www.sacbee.com/wps/source/images/sacbee/windowsmetro-144.png', u'og:image': u'https://www.mcclatchy-wires.com/incoming/26r7vj/picture242158136/alternates/LANDSCAPE_1140/Virus_Outbreak_Unforgiving_April_11408.jpg', u'viewport': u'width=device-width, initial-scale=1.0', u'og:site_name': u'sacbee', u'twitter:card': u'summary_large_image', u'twitter:description': u'For a generation, mid-April has delivered some of American life\u2019s most difficult moments.', u'og:description': u'For a generation, mid-April has delivered some of American life\u2019s most difficult moments.'}], u'cse_thumbnail': [{u'src': u'https://encrypted-tbn3.gstatic.com/images?q=tbn:ANd9GcRhPdYM4CADqNkl2ol457ZOQo7EWj42j5rHv4hkvQnfm6pjqaa9dkBbUvrh', u'height': u'168', u'width': u'300'}], u'cse_image': [{u'src': u'https://www.mcclatchy-wires.com/incoming/26r7vj/picture242158136/alternates/LANDSCAPE_1140/Virus_Outbreak_Unforgiving_April_11408.jpg'}]}, u'snippet': u'Apr 19, 2020 ... \u201cDoes something like COVID take up so much bandwidth that news coverage of \npast events matters less this year? I can see how plausibly\xa0...', u'htmlSnippet': u'Apr 19, 2020 <b>...</b> \u201cDoes something like <b>COVID</b> take up so much bandwidth that news coverage of <br>\npast events matters less this year? I can see how plausibly&nbsp;...', u'link': u'https://www.sacbee.com/news/article242158186.html'}"
http://www.sacbee.com/,covid,"The Latest: Louisville AD: 15% cut from budget, furloughs",NA2,NA2,article,"{u'kind': u'customsearch#result', u'title': u'The Latest: Louisville AD: 15% cut from budget, furloughs | The ...', u'displayLink': u'www.sacbee.com', u'htmlTitle': u'The Latest: Louisville AD: 15% cut from budget, furloughs | The ...', u'formattedUrl': u'https://www.sacbee.com/news/article242130976.html', u'htmlFormattedUrl': u'https://www.sacbee.com/news/article242130976.html', u'pagemap': {u'metatags': [{u'msapplication-tilecolor': u'#FFFFFF', u'twitter:image': u'https://www.mcclatchy-wires.com/incoming/d9p7o0/picture242131366/alternates/LANDSCAPE_1140/Sports_Virus_Outbreak_The_Latest_84782.jpg', u'parsely-metadata': u'{""article_id"": ""242130976""}', u'fb:app_id': u'832188313608327', u'allow-comments': u'true', u'twitter:site': u'sacbee_news', u'og:url': u'https://www.sacbee.com/entertainment/celebrities/article242130976.html', u'copyright': u'Copyright 2020 The Associated Press. All rights reserved. This material may not be published, broadcast, rewritten or redistributed without permission.', u'title': u'The Latest: Louisville AD: 15% cut from budget, furloughs | The Sacramento Bee', u'og:type': u'article', u'apple-itunes-app': u'app-id=382902278, affiliate-data=at=1010lHsN&ct=SmartAppBannerSAC, app-argument=https://www.sacbee.com/entertainment/celebrities/article242130976.html?appNav=smartBanner', u'og:title': u'The Latest: Louisville AD: 15% cut from budget, furloughs', u'twitter:title': u'The Latest: Louisville AD: 15% cut from budget, furloughs', u'article:opinion': u'false', u'fb:pages': u'21595906224', u'news_keywords': u'Sports, Virus Outbreak, The Latest', u'expires': u'Tue, 05 May 2020 02:58:10 UTC', u'msapplication-tileimage': u'https://www.sacbee.com/wps/source/images/sacbee/windowsmetro-144.png', u'og:image': u'https://www.mcclatchy-wires.com/incoming/d9p7o0/picture242131366/alternates/LANDSCAPE_1140/Sports_Virus_Outbreak_The_Latest_84782.jpg', u'viewport': u'width=device-width, initial-scale=1.0', u'og:site_name': u'sacbee', u'twitter:card': u'summary_large_image', u'twitter:description': u'Louisville athletic director Vince Tyra says his department will cut 15% from its sports budgets and furlough staff this week in further economic moves resulting from the COVID-19 pandemic.', u'og:description': u'Louisville athletic director Vince Tyra says his department will cut 15% from its sports budgets and furlough staff this week in further economic moves resulting from the COVID-19 pandemic.'}], u'cse_thumbnail': [{u'src': u'https://encrypted-tbn0.gstatic.com/images?q=tbn:ANd9GcQBXfwv-QXi4XJSsw5CQ3x6q4SIXiUiYDBb3esYwsXxvZfYZVSJConSM9qe', u'height': u'168', u'width': u'300'}], u'cse_image': [{u'src': u'https://www.mcclatchy-wires.com/incoming/d9p7o0/picture242131366/alternates/LANDSCAPE_1140/Sports_Virus_Outbreak_The_Latest_84782.jpg'}]}, u'snippet': u'Apr 19, 2020 ... Wagner donated a few hundred hot meals last week to workers at Virginia Mason \nMedical Center battling the COVID-19 virus pandemic. Wagner\xa0...', u'htmlSnippet': u'Apr 19, 2020 <b>...</b> Wagner donated a few hundred hot meals last week to workers at Virginia Mason <br>\nMedical Center battling the <b>COVID</b>-19 virus pandemic. Wagner&nbsp;...', u'link': u'https://www.sacbee.com/news/article242130976.html'}"
http://www.sacbee.com/,covid,"Sorry, beer fans  the coronavirus pandemic could make your drinks flat. Heres why",NA2,NA2,article,"{u'kind': u'customsearch#result', u'title': u'Coronavirus-related shortage could lead to flat soda, beer | The ...', u'displayLink': u'www.sacbee.com', u'htmlTitle': u'Coronavirus-related shortage could lead to flat soda, beer | The ...', u'formattedUrl': u'https://www.sacbee.com/news/coronavirus/article242136696.html', u'htmlFormattedUrl': u'https://www.sacbee.com/news/coronavirus/article242136696.html', u'pagemap': {u'metatags': [{u'msapplication-tilecolor': u'#FFFFFF', u'twitter:image': u'https://www.kansas.com/latest-news/9hilqx/picture228902964/alternates/LANDSCAPE_1140/040519beer_jg1.JPG', u'parsely-metadata': u'{""article_id"": ""242136696""}', u'fb:app_id': u'832188313608327', u'allow-comments': u'true', u'twitter:site': u'sacbee_news', u'og:url': u'https://www.sacbee.com/news/coronavirus/article242136696.html', u'title': u'Coronavirus-related shortage could lead to flat soda, beer | The Sacramento Bee', u'og:type': u'article', u'apple-itunes-app': u'app-id=382902278, affiliate-data=at=1010lHsN&ct=SmartAppBannerSAC, app-argument=https://www.sacbee.com/news/coronavirus/article242136696.html?appNav=smartBanner', u'og:title': u'Sorry, beer fans \u2014 the coronavirus pandemic could make your drinks flat. Here\u2019s why', u'twitter:title': u'Sorry, beer fans \u2014 the coronavirus pandemic could make your drinks flat. Here\u2019s why', u'article:opinion': u'false', u'fb:pages': u'21595906224', u'news_keywords': u'coronavirus, covid-19, drink, flat, fizz, carbonated, beer, soda, drink, co2', u'original-source': u'https://www.sacbee.com/news/coronavirus/article242136696.html', u'msapplication-tileimage': u'https://www.sacbee.com/wps/source/images/sacbee/windowsmetro-144.png', u'og:image': u'https://www.kansas.com/latest-news/9hilqx/picture228902964/alternates/LANDSCAPE_1140/040519beer_jg1.JPG', u'viewport': u'width=device-width, initial-scale=1.0', u'og:site_name': u'sacbee', u'twitter:card': u'summary_large_image', u'twitter:description': u'It could have an impact on soda, too.', u'og:description': u'It could have an impact on soda, too.'}], u'cse_thumbnail': [{u'src': u'https://encrypted-tbn3.gstatic.com/images?q=tbn:ANd9GcT70_UygIeFD3yqkISESfeYKJqreVDtVRTYXEj4d4Kh6SHLmFb6NRqsTFQ', u'height': u'168', u'width': u'300'}], u'cse_image': [{u'src': u'https://www.kansas.com/latest-news/9hilqx/picture228902964/alternates/LANDSCAPE_1140/040519beer_jg1.JPG'}]}, u'snippet': u'Apr 19, 2020 ... ... lose their fizz. The COVID-19 pandemic is leading to a shortage of ethanol that \nproduces carbon dioxide gas, which adds bubbles to drinks.', u'htmlSnippet': u'Apr 19, 2020 <b>...</b> ... lose their fizz. The <b>COVID</b>-19 pandemic is leading to a shortage of ethanol that <br>\nproduces carbon dioxide gas, which adds bubbles to drinks.', u'link': u'https://www.sacbee.com/news/coronavirus/article242136696.html'}"
http://www.sacbee.com/,covid,"The sheer size of it! Man reaches for hose, realizes its very big snake in NC yard",NA2,NA2,article,"{u'kind': u'customsearch#result', u'title': u'Black garden hose turns out to be very big black snake in NC ...', u'displayLink': u'www.sacbee.com', u'htmlTitle': u'Black garden hose turns out to be very big black snake in NC ...', u'formattedUrl': u'https://www.sacbee.com/news/nation-world/.../article242110596.html', u'htmlFormattedUrl': u'https://www.sacbee.com/news/nation-world/.../article242110596.html', u'pagemap': {u'metatags': [{u'msapplication-tilecolor': u'#FFFFFF', u'twitter:image': u'https://www.charlotteobserver.com/latest-news/lt9q2q/picture242110716/alternates/LANDSCAPE_1140/awatersnake.png', u'parsely-metadata': u'{""article_id"": ""242110596""}', u'fb:app_id': u'148394135340710', u'allow-comments': u'true', u'twitter:site': u'theobserver', u'og:url': u'https://www.charlotteobserver.com/news/state/north-carolina/article242110596.html', u'title': u'Black garden hose turns out to be very big black snake in NC | Charlotte Observer', u'og:type': u'article', u'apple-itunes-app': u'app-id=407850748, affiliate-data=at=1010lHsN&ct=SmartAppBannerCLT, app-argument=https://www.charlotteobserver.com/news/state/north-carolina/article242110596.html?appNav=smartBanner', u'og:title': u'\u2018The sheer size of it!\u2019 Man reaches for hose, realizes it\u2019s very big snake in NC yard', u'twitter:title': u'\u2018The sheer size of it!\u2019 Man reaches for hose, realizes it\u2019s very big snake in NC yard', u'article:opinion': u'false', u'news_keywords': u'big, snake, hose, black rat, reptile, giant, huge, eastern, venomous, bite', u'original-source': u'https://www.charlotteobserver.com/news/state/north-carolina/article242110596.html', u'msapplication-tileimage': u'https://www.charlotteobserver.com/wps/source/images/charlotteobserver/windowsmetro-144.png', u'og:image': u'https://www.charlotteobserver.com/latest-news/lt9q2q/picture242110716/alternates/LANDSCAPE_1140/awatersnake.png', u'viewport': u'width=device-width, initial-scale=1.0', u'og:site_name': u'charlotteobserver', u'twitter:card': u'summary_large_image', u'twitter:description': u'Imagine finding this thing in your back yard.', u'og:description': u'Imagine finding this thing in your back yard.'}], u'cse_thumbnail': [{u'src': u'https://encrypted-tbn3.gstatic.com/images?q=tbn:ANd9GcR1ihsXrNhD1dBXd9vKX5GD_oWtY-VbQ9xc53cFhQR9DWRegu3r9veHvpU', u'height': u'168', u'width': u'300'}], u'cse_image': [{u'src': u'https://www.charlotteobserver.com/latest-news/lt9q2q/picture242110716/alternates/LANDSCAPE_1140/awatersnake.png'}]}, u'snippet': u'Apr 19, 2020 ... It rallied, protested against NC stay-at-home orders during coronavirus/COVID-19 \nshut down. KEEP READING. Local news has never been more\xa0...', u'htmlSnippet': u'Apr 19, 2020 <b>...</b> It rallied, protested against NC stay-at-home orders during coronavirus/<b>COVID</b>-19 <br>\nshut down. KEEP READING. Local news has never been more&nbsp;...', u'link': u'https://www.sacbee.com/news/nation-world/national/article242110596.html'}"
http://www.sacbee.com/,covid,Colorado next to adopt website from Fresnos Bitwise for workers displaced by COVID-19,NA2,NA2,article,"{u'kind': u'customsearch#result', u'title': u'OnwardCA.org website for COVID-19 aid expands to more states ...', u'displayLink': u'www.sacbee.com', u'htmlTitle': u'OnwardCA.org website for <b>COVID</b>-19 aid expands to more states ...', u'formattedUrl': u'https://www.sacbee.com/news/california/article242138161.html', u'htmlFormattedUrl': u'https://www.sacbee.com/news/california/article242138161.html', u'pagemap': {u'metatags': [{u'msapplication-tilecolor': u'#FFFFFF', u'twitter:image': u'https://cf-images.us-east-1.prod.boltdns.net/v1/static/5596404782001/0af69f30-1dba-4fb7-bd84-94a45044a424/c1dcbdf8-4ad2-4310-91ed-6cba846e5142/1280x720/match/image.jpg', u'parsely-metadata': u'{""article_id"": ""242138161""}', u'fb:app_id': u'157169821150769', u'allow-comments': u'true', u'twitter:site': u'FresnoBee', u'og:url': u'https://www.fresnobee.com/news/coronavirus/article242138161.html', u'title': u'OnwardCA.org website for COVID-19 aid expands to more states | The Fresno Bee', u'og:type': u'article', u'apple-itunes-app': u'app-id=432560099, affiliate-data=at=1010lHsN&ct=SmartAppBannerFRS, app-argument=https://www.fresnobee.com/news/coronavirus/article242138161.html?appNav=smartBanner', u'og:title': u'Colorado next to adopt website from Fresno\u2019s Bitwise for workers displaced by COVID-19', u'twitter:title': u'Colorado next to adopt website from Fresno\u2019s Bitwise for workers displaced by COVID-19', u'article:opinion': u'false', u'fb:pages': u'84794959557', u'news_keywords': u'coronavirus, covid 19, California, Fresno, Bitwise, colorado, onwardCA, onwardUS', u'original-source': u'https://www.fresnobee.com/news/coronavirus/article242138161.html', u'msapplication-tileimage': u'https://www.fresnobee.com/wps/source/images/fresnobee/windowsmetro-144.png', u'og:image': u'https://cf-images.us-east-1.prod.boltdns.net/v1/static/5596404782001/0af69f30-1dba-4fb7-bd84-94a45044a424/c1dcbdf8-4ad2-4310-91ed-6cba846e5142/1280x720/match/image.jpg', u'viewport': u'width=device-width, initial-scale=1.0', u'og:site_name': u'fresnobee', u'twitter:card': u'summary_large_image', u'twitter:description': u'OnwardCA.org went live less than three weeks ago and has already served more than 300,000 people who lost jobs because of the coronavirus pandemic. Other states are taking notice.', u'og:description': u'OnwardCA.org went live less than three weeks ago and has already served more than 300,000 people who lost jobs because of the coronavirus pandemic. Other states are taking notice.'}], u'cse_thumbnail': [{u'src': u'https://encrypted-tbn0.gstatic.com/images?q=tbn:ANd9GcSrLMOnZitPl70JdWwUrF_RzumqxzIy1R0TrHSTHFhE1CM2mnM9EYNw5Gs', u'height': u'168', u'width': u'300'}], u'cse_image': [{u'src': u'https://cf-images.us-east-1.prod.boltdns.net/v1/static/5596404782001/0af69f30-1dba-4fb7-bd84-94a45044a424/c1dcbdf8-4ad2-4310-91ed-6cba846e5142/1280x720/match/image.jpg'}]}, u'snippet': u'Apr 19, 2020 ... Colorado becomes the second state to adopt a centralized website to curate \nresources to help workers who lost their jobs because of the\xa0...', u'htmlSnippet': u'Apr 19, 2020 <b>...</b> Colorado becomes the second state to adopt a centralized website to curate <br>\nresources to help workers who lost their jobs because of the&nbsp;...', u'link': u'https://www.sacbee.com/news/california/article242138161.html'}"
http://www.sacbee.com/,covid,"Will national parks reopen by summer? States, feds are working on a coronavirus plan",NA2,NA2,article,"{u'kind': u'customsearch#result', u'title': u'COVID-19 closed many national parks. When will they reopen ...', u'displayLink': u'www.sacbee.com', u'htmlTitle': u'<b>COVID</b>-19 closed many national parks. When will they reopen ...', u'formattedUrl': u'https://www.sacbee.com/news/coronavirus/article242318901.html', u'htmlFormattedUrl': u'https://www.sacbee.com/news/coronavirus/article242318901.html', u'pagemap': {u'metatags': [{u'msapplication-tilecolor': u'#FFFFFF', u'twitter:image': u'https://cf-images.us-east-1.prod.boltdns.net/v1/static/5502557042001/efa4c6df-2b0c-4d13-898e-5a155947f491/dd7e00a4-caec-4a68-96ae-9ceb976e7df6/1280x720/match/image.jpg', u'parsely-metadata': u'{""article_id"": ""242318901""}', u'fb:app_id': u'832188313608327', u'allow-comments': u'true', u'twitter:site': u'sacbee_news', u'og:url': u'https://www.sacbee.com/news/coronavirus/article242318901.html', u'title': u'COVID-19 closed many national parks. When will they reopen? | The Sacramento Bee', u'og:type': u'article', u'apple-itunes-app': u'app-id=382902278, affiliate-data=at=1010lHsN&ct=SmartAppBannerSAC, app-argument=https://www.sacbee.com/news/coronavirus/article242318901.html?appNav=smartBanner', u'og:title': u'Will national parks reopen by summer? States, feds are working on a coronavirus plan', u'twitter:title': u'Will national parks reopen by summer? States, feds are working on a coronavirus plan', u'article:opinion': u'false', u'fb:pages': u'21595906224', u'news_keywords': u'coronavirus, covid-19, national parks, national park service, department of the interior, reopen, governor, state, white house, open', u'original-source': u'https://www.mcclatchydc.com/news/coronavirus/article242318901.html', u'msapplication-tileimage': u'https://www.sacbee.com/wps/source/images/sacbee/windowsmetro-144.png', u'og:image': u'https://cf-images.us-east-1.prod.boltdns.net/v1/static/5502557042001/efa4c6df-2b0c-4d13-898e-5a155947f491/dd7e00a4-caec-4a68-96ae-9ceb976e7df6/1280x720/match/image.jpg', u'viewport': u'width=device-width, initial-scale=1.0', u'og:site_name': u'sacbee', u'twitter:card': u'summary_large_image', u'twitter:description': u'We\u2019re all excited to get back outside...', u'og:description': u'We\u2019re all excited to get back outside...'}], u'cse_thumbnail': [{u'src': u'https://encrypted-tbn2.gstatic.com/images?q=tbn:ANd9GcQj6bCcWNidQYgQF7tuHF1bF9t4-ZdyewOjzk9nes5SWAZVAjDXoK6zjtcg', u'height': u'168', u'width': u'300'}], u'cse_image': [{u'src': u'https://cf-images.us-east-1.prod.boltdns.net/v1/static/5502557042001/efa4c6df-2b0c-4d13-898e-5a155947f491/dd7e00a4-caec-4a68-96ae-9ceb976e7df6/1280x720/match/image.jpg'}]}, u'snippet': u'Apr 26, 2020 ... Department of the Interior Secretary David Bernhardt, who oversees the National \nPark Service, said he is working with governors to get parks\xa0...', u'htmlSnippet': u'Apr 26, 2020 <b>...</b> Department of the Interior Secretary David Bernhardt, who oversees the National <br>\nPark Service, said he is working with governors to get parks&nbsp;...', u'link': u'https://www.sacbee.com/news/coronavirus/article242318901.html'}"
http://www.sacbee.com/,covid,Critics say Fresno mayors COVID-19 committee lacks diversity. He defends strong record,NA2,NA2,article,"{u'kind': u'customsearch#result', u'title': u""Critics say Fresno mayor's COVID-19 committee lacks diversity. He ..."", u'displayLink': u'www.sacbee.com', u'htmlTitle': u'Critics say Fresno mayor&#39;s <b>COVID</b>-19 committee lacks diversity. He ...', u'formattedUrl': u'https://www.sacbee.com/news/california/article242269066.html', u'htmlFormattedUrl': u'https://www.sacbee.com/news/california/article242269066.html', u'pagemap': {u'metatags': [{u'msapplication-tilecolor': u'#FFFFFF', u'twitter:image': u'https://www.fresnobee.com/latest-news/bvnn4p/picture242323526/alternates/LANDSCAPE_1140/IMG_FRS_virusretail01_9_1_9UHSDEEA_L558156982.JPG', u'parsely-metadata': u'{""article_id"": ""242269066""}', u'fb:app_id': u'157169821150769', u'allow-comments': u'true', u'twitter:site': u'FresnoBee', u'og:url': u'https://www.fresnobee.com/news/coronavirus/article242269066.html', u'title': u'Fresno CA mayor\u2019s committee lacks diversity, critics say | The Fresno Bee', u'og:type': u'article', u'apple-itunes-app': u'app-id=432560099, affiliate-data=at=1010lHsN&ct=SmartAppBannerFRS, app-argument=https://www.fresnobee.com/news/coronavirus/article242269066.html?appNav=smartBanner', u'og:title': u'Critics say Fresno mayor\u2019s COVID-19 committee lacks diversity. He defends \u2018strong\u2019 record', u'twitter:title': u'Critics say Fresno mayor\u2019s COVID-19 committee lacks diversity. He defends \u2018strong\u2019 record', u'article:opinion': u'false', u'fb:pages': u'84794959557', u'news_keywords': u'fresno, mayor, recovery, coronavirus, shutdown, committee, advisory, covid19, people of color, climate,', u'original-source': u'https://www.fresnobee.com/news/coronavirus/article242269066.html', u'msapplication-tileimage': u'https://www.fresnobee.com/wps/source/images/fresnobee/windowsmetro-144.png', u'og:image': u'https://www.fresnobee.com/latest-news/bvnn4p/picture242323526/alternates/LANDSCAPE_1140/IMG_FRS_virusretail01_9_1_9UHSDEEA_L558156982.JPG', u'viewport': u'width=device-width, initial-scale=1.0', u'og:site_name': u'fresnobee', u'twitter:card': u'summary_large_image', u'twitter:description': u'The mayor says the group will likely be \u201cthe most important committee that most of us have ever served on.\u201d', u'og:description': u'The mayor says the group will likely be \u201cthe most important committee that most of us have ever served on.\u201d'}], u'cse_thumbnail': [{u'src': u'https://encrypted-tbn3.gstatic.com/images?q=tbn:ANd9GcSgxNqfRtT0MNME2h_6rA7EJ3lA22E7UWifB0CIDmfX7LqgxUWRpuD5SnjG', u'height': u'168', u'width': u'300'}], u'cse_image': [{u'src': u'https://www.fresnobee.com/latest-news/bvnn4p/picture242323526/alternates/LANDSCAPE_1140/IMG_FRS_virusretail01_9_1_9UHSDEEA_L558156982.JPG'}]}, u'snippet': u""Apr 26, 2020 ... Fresno Mayor Lee Brand announced a 22-member committee last week to plan \nthe city's recovery from the coronavirus shutdown. It was swiftly\xa0..."", u'htmlSnippet': u'Apr 26, 2020 <b>...</b> Fresno Mayor Lee Brand announced a 22-member committee last week to plan <br>\nthe city&#39;s recovery from the coronavirus shutdown. It was swiftly&nbsp;...', u'link': u'https://www.sacbee.com/news/california/article242269066.html'}"
http://www.sacbee.com/,covid,Sacramento County public health lab faced years of budget cuts. Then came the COVID-19 pandemic,NA2,NA2,article,"{u'kind': u'customsearch#result', u'title': u'Sacramento County public health lab faced years of budget cuts ...', u'displayLink': u'www.sacbee.com', u'htmlTitle': u'Sacramento County public health lab faced years of budget cuts ...', u'formattedUrl': u'https://www.sacbee.com/news/local/health-and.../article242273166.html', u'htmlFormattedUrl': u'https://www.sacbee.com/news/local/health-and.../article242273166.html', u'pagemap': {u'metatags': [{u'msapplication-tilecolor': u'#FFFFFF', u'twitter:image': u'https://www.sacbee.com/news/local/health-and-medicine/9h8sol/picture137353033/alternates/LANDSCAPE_1140/LEDE_RP%20VIRUS%20BIOHAZARD%20SUITS', u'parsely-metadata': u'{""article_id"": ""242273166""}', u'fb:app_id': u'832188313608327', u'allow-comments': u'true', u'twitter:site': u'sacbee_news', u'og:url': u'https://www.sacbee.com/news/local/health-and-medicine/article242273166.html', u'title': u'Sacramento County public health lab faced years of budget cuts | The Sacramento Bee', u'og:type': u'article', u'apple-itunes-app': u'app-id=382902278, affiliate-data=at=1010lHsN&ct=SmartAppBannerSAC, app-argument=https://www.sacbee.com/news/local/health-and-medicine/article242273166.html?appNav=smartBanner', u'og:title': u'Sacramento County public health lab faced years of budget cuts. Then came the COVID-19 pandemic', u'twitter:title': u'Sacramento County public health lab faced years of budget cuts. Then came the COVID-19 pandemic', u'article:opinion': u'false', u'fb:pages': u'21595906224', u'news_keywords': u'sacramento, california, county, budget, public health, covid 19, coronavirus, lab, pandemic, response', u'original-source': u'https://www.sacbee.com/news/local/health-and-medicine/article242273166.html', u'msapplication-tileimage': u'https://www.sacbee.com/wps/source/images/sacbee/windowsmetro-144.png', u'og:image': u'https://www.sacbee.com/news/local/health-and-medicine/9h8sol/picture137353033/alternates/LANDSCAPE_1140/LEDE_RP%20VIRUS%20BIOHAZARD%20SUITS', u'viewport': u'width=device-width, initial-scale=1.0', u'og:site_name': u'sacbee', u'twitter:card': u'summary_large_image', u'twitter:description': u'Sacramento County\u2019s public health program designed to ward off disease outbreaks has seen its funding dwindle for years, even as other departments saw their budgets increase and warnings of a looming pandemic intensified, a review of budget documents, meeting minutes and interviews with current and former officials found.', u'og:description': u'Sacramento County\u2019s public health program designed to ward off disease outbreaks has seen its funding dwindle for years, even as other departments saw their budgets increase and warnings of a looming pandemic intensified, a review of budget documents, meeting minutes and interviews with current and former officials found.'}], u'cse_thumbnail': [{u'src': u'https://encrypted-tbn0.gstatic.com/images?q=tbn:ANd9GcQJ7_-lmDWKGlZejy35UieHpwD_ZybikAyt2_IELxAPGvEjAh8DdcC_tglT', u'height': u'168', u'width': u'300'}], u'cse_image': [{u'src': u'https://www.sacbee.com/news/local/health-and-medicine/9h8sol/picture137353033/alternates/LANDSCAPE_1140/LEDE_RP%20VIRUS%20BIOHAZARD%20SUITS'}]}, u'snippet': u'Apr 26, 2020 ... Sixteen county health departments in California are accredited, including many of \nthose experiencing the highest number of COVID-19 cases\xa0...', u'htmlSnippet': u'Apr 26, 2020 <b>...</b> Sixteen county health departments in California are accredited, including many of <br>\nthose experiencing the highest number of <b>COVID</b>-19 cases&nbsp;...', u'link': u'https://www.sacbee.com/news/local/health-and-medicine/article242273166.html'}"
http://www.sacbee.com/,covid,Some beaches are reopening with social distancing rules. Is it safe for you to go?,NA2,NA2,article,"{u'kind': u'customsearch#result', u'title': u'CA, SC, FL open beaches during COVID-19 crisis: Is it safe? | Miami ...', u'displayLink': u'www.sacbee.com', u'htmlTitle': u'CA, SC, FL open beaches during <b>COVID</b>-19 crisis: Is it safe? | Miami ...', u'formattedUrl': u'https://www.sacbee.com/news/coronavirus/article242316831.html', u'htmlFormattedUrl': u'https://www.sacbee.com/news/coronavirus/article242316831.html', u'pagemap': {u'metatags': [{u'msapplication-tilecolor': u'#FFFFFF', u'twitter:image': u'https://www.miamiherald.com/latest-news/g4va28/picture242319101/alternates/LANDSCAPE_1140/AP20117766706602.jpg', u'parsely-metadata': u'{""article_id"": ""242316831""}', u'fb:app_id': u'133847067760', u'allow-comments': u'true', u'twitter:site': u'miamiherald', u'og:url': u'https://www.miamiherald.com/news/coronavirus/article242316831.html', u'title': u'CA, SC, FL open beaches during COVID-19 crisis: Is it safe? | Miami Herald', u'og:type': u'article', u'apple-itunes-app': u'app-id=366466705, affiliate-data=at=1010lHsN&ct=SmartAppBannerMIA, app-argument=https://www.miamiherald.com/news/coronavirus/article242316831.html?appNav=smartBanner', u'og:title': u'Some beaches are reopening with social distancing rules. Is it safe for you to go?', u'twitter:title': u'Some beaches are reopening with social distancing rules. Is it safe for you to go?', u'article:opinion': u'false', u'fb:pages': u'38925837299', u'news_keywords': u'beaches, reopen, coronavirus, COVID-19, pandemic, social distancing, California, Florida, South Carolina, Orange County', u'original-source': u'https://www.miamiherald.com/news/coronavirus/article242316831.html', u'msapplication-tileimage': u'https://www.miamiherald.com/wps/source/images/miamiherald/windowsmetro-144.png', u'og:image': u'https://www.miamiherald.com/latest-news/g4va28/picture242319101/alternates/LANDSCAPE_1140/AP20117766706602.jpg', u'viewport': u'width=device-width, initial-scale=1.0', u'og:site_name': u'miamiherald', u'twitter:card': u'summary_large_image', u'twitter:description': u'\u201cIf it is open, just abide by social distancing.\u201d', u'og:description': u'\u201cIf it is open, just abide by social distancing.\u201d'}], u'cse_thumbnail': [{u'src': u'https://encrypted-tbn2.gstatic.com/images?q=tbn:ANd9GcR6HMqJ-M_jo18LhSF09d55Ixhq0-IOPLq8dnAGCiqQAUGB_wjBwfqYjL8', u'height': u'168', u'width': u'300'}], u'cse_image': [{u'src': u'https://www.miamiherald.com/latest-news/g4va28/picture242319101/alternates/LANDSCAPE_1140/AP20117766706602.jpg'}]}, u'snippet': u'Apr 26, 2020 ... Beaches in Orange and Ventura counties in California, Florida, and South \nCarolina counties are reopening during the coronavirus pandemic\xa0...', u'htmlSnippet': u'Apr 26, 2020 <b>...</b> Beaches in Orange and Ventura counties in California, Florida, and South <br>\nCarolina counties are reopening during the coronavirus pandemic&nbsp;...', u'link': u'https://www.sacbee.com/news/coronavirus/article242316831.html'}"
http://www.sacbee.com/,covid,North Carolina session to begin with COVID-19 aid consensus,NA2,NA2,article,"{u'kind': u'customsearch#result', u'title': u'North Carolina session to begin with COVID-19 aid consensus | The ...', u'displayLink': u'www.sacbee.com', u'htmlTitle': u'North Carolina session to begin with <b>COVID</b>-19 aid consensus | The ...', u'formattedUrl': u'https://www.sacbee.com/news/article242319241.html', u'htmlFormattedUrl': u'https://www.sacbee.com/news/article242319241.html', u'pagemap': {u'metatags': [{u'msapplication-tilecolor': u'#FFFFFF', u'twitter:image': u'https://www.mcclatchy-wires.com/incoming/66w0ti/picture242322006/alternates/LANDSCAPE_1140/Session_Opens_45035.jpg', u'parsely-metadata': u'{""article_id"": ""242319241""}', u'fb:app_id': u'832188313608327', u'allow-comments': u'true', u'twitter:site': u'sacbee_news', u'og:url': u'https://www.sacbee.com/news/article242319241.html', u'copyright': u'Copyright 2020 The Associated Press. All rights reserved. This material may not be published, broadcast, rewritten or redistributed without permission.', u'title': u'North Carolina session to begin with COVID-19 aid consensus | The Sacramento Bee', u'og:type': u'article', u'apple-itunes-app': u'app-id=382902278, affiliate-data=at=1010lHsN&ct=SmartAppBannerSAC, app-argument=https://www.sacbee.com/news/article242319241.html?appNav=smartBanner', u'og:title': u'North Carolina session to begin with COVID-19 aid consensus', u'twitter:title': u'North Carolina session to begin with COVID-19 aid consensus', u'article:opinion': u'false', u'fb:pages': u'21595906224', u'news_keywords': u'Session Opens', u'expires': u'Mon, 11 May 2020 18:15:20 UTC', u'msapplication-tileimage': u'https://www.sacbee.com/wps/source/images/sacbee/windowsmetro-144.png', u'og:image': u'https://www.mcclatchy-wires.com/incoming/66w0ti/picture242322006/alternates/LANDSCAPE_1140/Session_Opens_45035.jpg', u'viewport': u'width=device-width, initial-scale=1.0', u'og:site_name': u'sacbee', u'twitter:card': u'summary_large_image', u'twitter:description': u'North Carolina\u2019s annual legislative session begins on Tuesday, and previous expectations of returning acrimony from last year\u2019s budget impasse has been replaced with consensus to address COVID-19.', u'og:description': u'North Carolina\u2019s annual legislative session begins on Tuesday, and previous expectations of returning acrimony from last year\u2019s budget impasse has been replaced with consensus to address COVID-19.'}], u'cse_thumbnail': [{u'src': u'https://encrypted-tbn2.gstatic.com/images?q=tbn:ANd9GcQcDjvhzJXZXbE1a2D7athXzKRZMClbmQqXAAiD3pP9A70m787rEbqxIGc', u'height': u'168', u'width': u'300'}], u'cse_image': [{u'src': u'https://www.mcclatchy-wires.com/incoming/66w0ti/picture242322006/alternates/LANDSCAPE_1140/Session_Opens_45035.jpg'}]}, u'snippet': u""Apr 26, 2020 ... North Carolina's annual legislative session begins on Tuesday, and previous \nexpectations of returning acrimony from last year's budget\xa0..."", u'htmlSnippet': u'Apr 26, 2020 <b>...</b> North Carolina&#39;s annual legislative session begins on Tuesday, and previous <br>\nexpectations of returning acrimony from last year&#39;s budget&nbsp;...', u'link': u'https://www.sacbee.com/news/article242319241.html'}"
http://www.sacbee.com/,covid,"Kids are ending up in intensive care for COVID-related syndrome, British doctors say",NA2,NA2,article,"{u'kind': u'customsearch#result', u'title': u'Doctors warn of kids in ICU from COVID-19 syndrome: UK NHS ...', u'displayLink': u'www.sacbee.com', u'htmlTitle': u'Doctors warn of kids in ICU from <b>COVID</b>-19 syndrome: UK NHS ...', u'formattedUrl': u'https://www.sacbee.com/news/coronavirus/article242314111.html', u'htmlFormattedUrl': u'https://www.sacbee.com/news/coronavirus/article242314111.html', u'pagemap': {u'metatags': [{u'msapplication-tilecolor': u'#FFFFFF', u'twitter:image': u'https://www.mcclatchy-wires.com/incoming/w4ald5/picture242312541/alternates/LANDSCAPE_1140/Virus_Outbreak_Spain_16699.jpg', u'parsely-metadata': u'{""article_id"": ""242314111""}', u'fb:app_id': u'133847067760', u'allow-comments': u'true', u'twitter:site': u'miamiherald', u'og:url': u'https://www.miamiherald.com/news/coronavirus/article242314111.html', u'title': u'Doctors warn of kids in ICU from COVID-19 syndrome: UK NHS | Miami Herald', u'og:type': u'article', u'apple-itunes-app': u'app-id=366466705, affiliate-data=at=1010lHsN&ct=SmartAppBannerMIA, app-argument=https://www.miamiherald.com/news/coronavirus/article242314111.html?appNav=smartBanner', u'og:title': u'Kids are ending up in intensive care for COVID-related syndrome, British doctors say', u'twitter:title': u'Kids are ending up in intensive care for COVID-related syndrome, British doctors say', u'article:opinion': u'false', u'fb:pages': u'38925837299', u'news_keywords': u'coronavirus, covid-19, kids, children, symptom, icu, intensive care, toxic shock, kawasaki disease, england', u'original-source': u'https://www.miamiherald.com/news/coronavirus/article242314111.html', u'msapplication-tileimage': u'https://www.miamiherald.com/wps/source/images/miamiherald/windowsmetro-144.png', u'og:image': u'https://www.mcclatchy-wires.com/incoming/w4ald5/picture242312541/alternates/LANDSCAPE_1140/Virus_Outbreak_Spain_16699.jpg', u'viewport': u'width=device-width, initial-scale=1.0', u'og:site_name': u'miamiherald', u'twitter:card': u'summary_large_image', u'twitter:description': u'Health officials sent out an alert to London doctors to be on the lookout for these symptoms in kids.', u'og:description': u'Health officials sent out an alert to London doctors to be on the lookout for these symptoms in kids.'}], u'cse_thumbnail': [{u'src': u'https://encrypted-tbn0.gstatic.com/images?q=tbn:ANd9GcQlbp8norcobQ6Ut7Wtk0IIC8jjr98gGFBOjJyN0tDzA4Jg2XfGdJx_tDo', u'height': u'168', u'width': u'300'}], u'cse_image': [{u'src': u'https://www.mcclatchy-wires.com/incoming/w4ald5/picture242312541/alternates/LANDSCAPE_1140/Virus_Outbreak_Spain_16699.jpg'}]}, u'snippet': u'Apr 26, 2020 ... Doctors in England have seen a spike in cases of children going into intensive \ncare with symptoms similar to toxic shock syndrome and\xa0...', u'htmlSnippet': u'Apr 26, 2020 <b>...</b> Doctors in England have seen a spike in cases of children going into intensive <br>\ncare with symptoms similar to toxic shock syndrome and&nbsp;...', u'link': u'https://www.sacbee.com/news/coronavirus/article242314111.html'}"
http://www.sacbee.com/,covid,"One nearly died, the other recovered from afar. How a California couple survived coronavirus",NA2,NA2,article,"{u'kind': u'customsearch#result', u'title': u'One nearly died, the other recovered from afar. How a California ...', u'displayLink': u'www.sacbee.com', u'htmlTitle': u'One nearly died, the other recovered from afar. How a California ...', u'formattedUrl': u'https://www.sacbee.com/news/local/health-and.../article241841151.html', u'htmlFormattedUrl': u'https://www.sacbee.com/news/local/health-and.../article241841151.html', u'pagemap': {u'metatags': [{u'og:url': u'https://www.sacbee.com/news/local/health-and-medicine/article241841151.html', u'twitter:site': u'sacbee_news', u'og:type': u'article', u'viewport': u'width=device-width, initial-scale=1.0', u'og:site_name': u'sacbee', u'fb:app_id': u'832188313608327', u'twitter:card': u'summary_large_image', u'article:opinion': u'false', u'twitter:image': u'https://www.sacbee.com/latest-news/6w2d7t/picture242061301/alternates/LANDSCAPE_1140/SAC_RCB_20200403_MERCYCOVID0279.JPG', u'msapplication-tilecolor': u'#FFFFFF', u'parsely-metadata': u'{""article_id"": ""241841151""}', u'apple-itunes-app': u'app-id=382902278, affiliate-data=at=1010lHsN&ct=SmartAppBannerSAC, app-argument=https://www.sacbee.com/news/local/health-and-medicine/article241841151.html?appNav=smartBanner', u'allow-comments': u'true', u'msapplication-tileimage': u'https://www.sacbee.com/wps/source/images/sacbee/windowsmetro-144.png', u'og:title': u'One nearly died, the other recovered from afar. How a California couple survived coronavirus', u'twitter:title': u'One nearly died, the other recovered from afar. How a California couple survived coronavirus', u'title': u'How coronavirus impacted California couple, hospital to recovery | The Sacramento Bee', u'og:image': u'https://www.sacbee.com/latest-news/6w2d7t/picture242061301/alternates/LANDSCAPE_1140/SAC_RCB_20200403_MERCYCOVID0279.JPG', u'original-source': u'https://www.sacbee.com/news/local/health-and-medicine/article241841151.html', u'fb:pages': u'21595906224', u'news_keywords': u'coronavirus, covid 19, treatment, ICU, survive, sacramento, california, recovery, hospital, case'}], u'cse_thumbnail': [{u'src': u'https://encrypted-tbn1.gstatic.com/images?q=tbn:ANd9GcTRUeFIA1kxzepcozRPCxVNC47ZlQE-v7b0mupdzL0HYAALD95DjMuDKUnz', u'height': u'168', u'width': u'300'}], u'cse_image': [{u'src': u'https://www.sacbee.com/latest-news/6w2d7t/picture242061301/alternates/LANDSCAPE_1140/SAC_RCB_20200403_MERCYCOVID0279.JPG'}]}, u'snippet': u'Apr 26, 2020 ... Sonia also tested positive for COVID-19 but recovered after only a few days of \nrelatively mild symptoms. On the opposite extreme, Darin survived\xa0...', u'htmlSnippet': u'Apr 26, 2020 <b>...</b> Sonia also tested positive for <b>COVID</b>-19 but recovered after only a few days of <br>\nrelatively mild symptoms. On the opposite extreme, Darin survived&nbsp;...', u'link': u'https://www.sacbee.com/news/local/health-and-medicine/article241841151.html'}"
http://www.sacbee.com/,covid,Sutter Roseville opens $178 million ER early to make more room for coronavirus patients,NA2,NA2,article,"{u'kind': u'customsearch#result', u'title': u'Sutter Roseville opens $178 million ER early to make more room for ...', u'displayLink': u'www.sacbee.com', u'htmlTitle': u'Sutter Roseville opens $178 million ER early to make more room for ...', u'formattedUrl': u'https://www.sacbee.com/news/local/health-and.../article242279766.html', u'htmlFormattedUrl': u'https://www.sacbee.com/news/local/health-and.../article242279766.html', u'pagemap': {u'metatags': [{u'msapplication-tilecolor': u'#FFFFFF', u'twitter:image': u'https://www.sacbee.com/latest-news/qjzad5/picture242327666/alternates/LANDSCAPE_1140/LEDE_SAC_DMK_5665.JPG', u'parsely-metadata': u'{""article_id"": ""242279766""}', u'fb:app_id': u'832188313608327', u'allow-comments': u'true', u'twitter:site': u'sacbee_news', u'og:url': u'https://www.sacbee.com/news/local/health-and-medicine/article242279766.html', u'title': u'Coronavirus spurs Sutter Roseville CA to open new ER early | The Sacramento Bee', u'og:type': u'article', u'apple-itunes-app': u'app-id=382902278, affiliate-data=at=1010lHsN&ct=SmartAppBannerSAC, app-argument=https://www.sacbee.com/news/local/health-and-medicine/article242279766.html?appNav=smartBanner', u'og:title': u'Sutter Roseville opens $178 million ER early to make more room for coronavirus patients', u'twitter:title': u'Sutter Roseville opens $178 million ER early to make more room for coronavirus patients', u'article:opinion': u'false', u'fb:pages': u'21595906224', u'news_keywords': u'sutter, roseville, medical center, expansion, emergency room, ER, ED, covid 19, coronavirus, placer', u'original-source': u'https://www.sacbee.com/news/local/health-and-medicine/article242279766.html', u'msapplication-tileimage': u'https://www.sacbee.com/wps/source/images/sacbee/windowsmetro-144.png', u'og:image': u'https://www.sacbee.com/latest-news/qjzad5/picture242327666/alternates/LANDSCAPE_1140/LEDE_SAC_DMK_5665.JPG', u'viewport': u'width=device-width, initial-scale=1.0', u'og:site_name': u'sacbee', u'twitter:card': u'summary_large_image', u'twitter:description': u'In the past six weeks, as the new coronavirus spread across the Sacramento region, leaders at Sutter Roseville Medical Center moved to open their expanded emergency and critical care units long before the planned May 27 date.', u'og:description': u'In the past six weeks, as the new coronavirus spread across the Sacramento region, leaders at Sutter Roseville Medical Center moved to open their expanded emergency and critical care units long before the planned May 27 date.'}], u'cse_thumbnail': [{u'src': u'https://encrypted-tbn0.gstatic.com/images?q=tbn:ANd9GcQ26DwslXDxZe81u4H85liVkxEj_JjOgxVVGNfWU0vRjAXZiYSdbvyeF5Ko', u'height': u'168', u'width': u'300'}], u'cse_image': [{u'src': u'https://www.sacbee.com/latest-news/qjzad5/picture242327666/alternates/LANDSCAPE_1140/LEDE_SAC_DMK_5665.JPG'}]}, u'snippet': u'Apr 26, 2020 ... ... in Roseville on Sunday, April 26, 2020. The hospital opened its new \nemergency room early to make have more beds for COVID-19 patients.', u'htmlSnippet': u'Apr 26, 2020 <b>...</b> ... in Roseville on Sunday, April 26, 2020. The hospital opened its new <br>\nemergency room early to make have more beds for <b>COVID</b>-19 patients.', u'link': u'https://www.sacbee.com/news/local/health-and-medicine/article242279766.html'}"
http://www.sacbee.com/,covid,Why do some people refuse to social distance? Experts have a few ideas,NA2,NA2,article,"{u'kind': u'customsearch#result', u'title': u'Ignoring COVID-19 distancing means you might be a narcissist ...', u'displayLink': u'www.sacbee.com', u'htmlTitle': u'Ignoring <b>COVID</b>-19 distancing means you might be a narcissist ...', u'formattedUrl': u'https://www.sacbee.com/news/coronavirus/article242328586.html', u'htmlFormattedUrl': u'https://www.sacbee.com/news/coronavirus/article242328586.html', u'pagemap': {u'metatags': [{u'msapplication-tilecolor': u'#FFFFFF', u'twitter:image': u'https://www.mcclatchy-wires.com/incoming/mo1vdd/picture242310821/alternates/LANDSCAPE_1140/APTOPIX_Virus_Outbreak_California_97823.jpg', u'parsely-metadata': u'{""article_id"": ""242328586""}', u'fb:app_id': u'133847067760', u'allow-comments': u'true', u'twitter:site': u'miamiherald', u'og:url': u'https://www.miamiherald.com/news/coronavirus/article242328586.html', u'title': u'Ignoring COVID-19 distancing means you might be a narcissist | Miami Herald', u'og:type': u'article', u'apple-itunes-app': u'app-id=366466705, affiliate-data=at=1010lHsN&ct=SmartAppBannerMIA, app-argument=https://www.miamiherald.com/news/coronavirus/article242328586.html?appNav=smartBanner', u'og:title': u'Why do some people refuse to social distance? Experts have a few ideas', u'twitter:title': u'Why do some people refuse to social distance? Experts have a few ideas', u'article:opinion': u'false', u'fb:pages': u'38925837299', u'news_keywords': u'coronavirus, COVID-19, narcissist, psychology, social distancing, quarantine, CDC, personality, social media, social norms', u'original-source': u'https://www.miamiherald.com/news/coronavirus/article242328586.html', u'msapplication-tileimage': u'https://www.miamiherald.com/wps/source/images/miamiherald/windowsmetro-144.png', u'og:image': u'https://www.mcclatchy-wires.com/incoming/mo1vdd/picture242310821/alternates/LANDSCAPE_1140/APTOPIX_Virus_Outbreak_California_97823.jpg', u'viewport': u'width=device-width, initial-scale=1.0', u'og:site_name': u'miamiherald', u'twitter:card': u'summary_large_image', u'twitter:description': u'Being a narcissist is one explanation.', u'og:description': u'Being a narcissist is one explanation.'}], u'cse_thumbnail': [{u'src': u'https://encrypted-tbn3.gstatic.com/images?q=tbn:ANd9GcSauItDLTKDHmMpBxJqzXyeeT_i9l5hcZMp3l5Pubc3LfXDRW8izqx-3l4e', u'height': u'168', u'width': u'300'}], u'cse_image': [{u'src': u'https://www.mcclatchy-wires.com/incoming/mo1vdd/picture242310821/alternates/LANDSCAPE_1140/APTOPIX_Virus_Outbreak_California_97823.jpg'}]}, u'snippet': u'Apr 26, 2020 ... People who ignore coronavirus social distancing rules could be narcissists, \npsychologists say, or a form of denial or optimism bias.', u'htmlSnippet': u'Apr 26, 2020 <b>...</b> People who ignore coronavirus social distancing rules could be narcissists, <br>\npsychologists say, or a form of denial or optimism bias.', u'link': u'https://www.sacbee.com/news/coronavirus/article242328586.html'}"
http://www.sacbee.com/,covid,"On housing, as with coronavirus and climate change, California must follow the evidence",NA2,NA2,article,"{u'kind': u'customsearch#result', u'title': u'On housing, COVID-19 and climate, follow the evidence | The ...', u'displayLink': u'www.sacbee.com', u'htmlTitle': u'On housing, <b>COVID</b>-19 and climate, follow the evidence | The ...', u'formattedUrl': u'https://www.sacbee.com/opinion/california-forum/article242232236.html', u'htmlFormattedUrl': u'https://www.sacbee.com/opinion/california-forum/article242232236.html', u'pagemap': {u'metatags': [{u'msapplication-tilecolor': u'#FFFFFF', u'twitter:image': u'https://www.sacbee.com/latest-news/9g9oed/picture242117971/alternates/LANDSCAPE_1140/SAC_RCB_20200413_homelessmedical0055.JPG', u'parsely-metadata': u'{""article_id"": ""242232236""}', u'fb:app_id': u'832188313608327', u'allow-comments': u'true', u'twitter:site': u'sacbee_news', u'og:url': u'https://www.sacbee.com/opinion/article242232236.html', u'title': u'On housing, COVID-19 and climate, follow the evidence | The Sacramento Bee', u'og:type': u'article', u'apple-itunes-app': u'app-id=382902278, affiliate-data=at=1010lHsN&ct=SmartAppBannerSAC, app-argument=https://www.sacbee.com/opinion/article242232236.html?appNav=smartBanner', u'og:title': u'On housing, as with coronavirus and climate change, California must follow the evidence', u'twitter:title': u'On housing, as with coronavirus and climate change, California must follow the evidence', u'article:opinion': u'false', u'fb:pages': u'21595906224', u'news_keywords': u'coronavirus, covid 19, climate change, housing, crisis, homeless, pandemic, reform, NIMBY, density', u'original-source': u'https://www.sacbee.com/opinion/california-forum/article242232236.html', u'msapplication-tileimage': u'https://www.sacbee.com/wps/source/images/sacbee/windowsmetro-144.png', u'og:image': u'https://www.sacbee.com/latest-news/9g9oed/picture242117971/alternates/LANDSCAPE_1140/SAC_RCB_20200413_homelessmedical0055.JPG', u'viewport': u'width=device-width, initial-scale=1.0', u'og:site_name': u'sacbee', u'twitter:card': u'summary_large_image', u'twitter:description': u'California\u2019s leaders are earning their place in history for strong leadership in the face of the COVID-19 crisis. By acting quickly on the scientific evidence, our state and local governments likely saved thousands of lives, \u201cbent the curve\u201d of infection rates, and protected many of our most vulnerable residents from harm.', u'og:description': u'California\u2019s leaders are earning their place in history for strong leadership in the face of the COVID-19 crisis. By acting quickly on the scientific evidence, our state and local governments likely saved thousands of lives, \u201cbent the curve\u201d of infection rates, and protected many of our most vulnerable residents from harm.'}], u'cse_thumbnail': [{u'src': u'https://encrypted-tbn1.gstatic.com/images?q=tbn:ANd9GcRUk2YP2QvgEI34x8CooHENVPBZ8N_cMxQDetCRiVy8HtvnKMqL8Y1yto8', u'height': u'168', u'width': u'300'}], u'cse_image': [{u'src': u'https://www.sacbee.com/latest-news/9g9oed/picture242117971/alternates/LANDSCAPE_1140/SAC_RCB_20200413_homelessmedical0055.JPG'}]}, u'snippet': u""Apr 26, 2020 ... We've seen strong, science-based leadership in California on the coronavirus \npandemic. We've seen it on climate change, and we should\xa0..."", u'htmlSnippet': u'Apr 26, 2020 <b>...</b> We&#39;ve seen strong, science-based leadership in California on the coronavirus <br>\npandemic. We&#39;ve seen it on climate change, and we should&nbsp;...', u'link': u'https://www.sacbee.com/opinion/california-forum/article242232236.html'}"
http://www.sacbee.com/,covid,"With testing, Iceland claims major success against COVID-19",NA2,NA2,article,"{u'kind': u'customsearch#result', u'title': u'With testing, Iceland claims major success against COVID-19 | The ...', u'displayLink': u'www.sacbee.com', u'htmlTitle': u'With testing, Iceland claims major success against <b>COVID</b>-19 | The ...', u'formattedUrl': u'https://www.sacbee.com/news/article242477676.html', u'htmlFormattedUrl': u'https://www.sacbee.com/news/article242477676.html', u'pagemap': {u'metatags': [{u'msapplication-tilecolor': u'#FFFFFF', u'twitter:image': u'https://www.mcclatchy-wires.com/incoming/3dyxl6/picture242477651/alternates/LANDSCAPE_1140/Virus_Outbreak_Iceland_24130.jpg', u'parsely-metadata': u'{""article_id"": ""242477676""}', u'fb:app_id': u'832188313608327', u'allow-comments': u'true', u'twitter:site': u'sacbee_news', u'og:url': u'https://www.sacbee.com/news/article242477676.html', u'copyright': u'Copyright 2020 The Associated Press. All rights reserved. This material may not be published, broadcast, rewritten or redistributed without permission.', u'title': u'With testing, Iceland claims major success against COVID-19 | The Sacramento Bee', u'og:type': u'article', u'apple-itunes-app': u'app-id=382902278, affiliate-data=at=1010lHsN&ct=SmartAppBannerSAC, app-argument=https://www.sacbee.com/news/article242477676.html?appNav=smartBanner', u'og:title': u'With testing, Iceland claims major success against COVID-19', u'twitter:title': u'With testing, Iceland claims major success against COVID-19', u'article:opinion': u'false', u'fb:pages': u'21595906224', u'news_keywords': u'Virus Outbreak, Iceland', u'expires': u'Mon, 18 May 2020 06:52:18 UTC', u'msapplication-tileimage': u'https://www.sacbee.com/wps/source/images/sacbee/windowsmetro-144.png', u'og:image': u'https://www.mcclatchy-wires.com/incoming/3dyxl6/picture242477651/alternates/LANDSCAPE_1140/Virus_Outbreak_Iceland_24130.jpg', u'viewport': u'width=device-width, initial-scale=1.0', u'og:site_name': u'sacbee', u'twitter:card': u'summary_large_image', u'twitter:description': u'High schools, hair salons, dentists and other businesses across Iceland are reopening after six weeks of lockdown, after this North Atlantic nation managed to tame its coronavirus outbreak.', u'og:description': u'High schools, hair salons, dentists and other businesses across Iceland are reopening after six weeks of lockdown, after this North Atlantic nation managed to tame its coronavirus outbreak.'}], u'cse_thumbnail': [{u'src': u'https://encrypted-tbn1.gstatic.com/images?q=tbn:ANd9GcRWaFdA0ZQ9Y0lv-u5QzdtMTaLl3Kgpr1n_46EcgEmlpLK-a7xuhEpSKKY', u'height': u'168', u'width': u'300'}], u'cse_image': [{u'src': u'https://www.mcclatchy-wires.com/incoming/3dyxl6/picture242477651/alternates/LANDSCAPE_1140/Virus_Outbreak_Iceland_24130.jpg'}]}, u'snippet': u'1 day ago ... High schools, hair salons, dentists and other businesses across Iceland are \nreopening after six weeks of lockdown, after this North Atlantic\xa0...', u'htmlSnippet': u'1 day ago <b>...</b> High schools, hair salons, dentists and other businesses across Iceland are <br>\nreopening after six weeks of lockdown, after this North Atlantic&nbsp;...', u'link': u'https://www.sacbee.com/news/article242477676.html'}"
http://www.sacbee.com/,covid,"COVID-19 vaccine hunt heats up globally, still no guarantee",NA2,NA2,article,"{u'kind': u'customsearch#result', u'title': u'COVID-19 vaccine hunt heats up globally, still no guarantee | The ...', u'displayLink': u'www.sacbee.com', u'htmlTitle': u'<b>COVID</b>-19 vaccine hunt heats up globally, still no guarantee | The ...', u'formattedUrl': u'https://www.sacbee.com/news/article242477481.html', u'htmlFormattedUrl': u'https://www.sacbee.com/news/article242477481.html', u'pagemap': {u'metatags': [{u'msapplication-tilecolor': u'#FFFFFF', u'twitter:image': u'https://www.mcclatchy-wires.com/incoming/lrgwuv/picture242477471/alternates/LANDSCAPE_1140/Virus_Outbreak_Vaccine_Race_57204.jpg', u'parsely-metadata': u'{""article_id"": ""242477481""}', u'fb:app_id': u'832188313608327', u'allow-comments': u'true', u'twitter:site': u'sacbee_news', u'og:url': u'https://www.sacbee.com/news/article242477481.html', u'copyright': u'Copyright 2020 The Associated Press. All rights reserved. This material may not be published, broadcast, rewritten or redistributed without permission.', u'title': u'COVID-19 vaccine hunt heats up globally, still no guarantee | The Sacramento Bee', u'og:type': u'article', u'apple-itunes-app': u'app-id=382902278, affiliate-data=at=1010lHsN&ct=SmartAppBannerSAC, app-argument=https://www.sacbee.com/news/article242477481.html?appNav=smartBanner', u'og:title': u'COVID-19 vaccine hunt heats up globally, still no guarantee', u'twitter:title': u'COVID-19 vaccine hunt heats up globally, still no guarantee', u'article:opinion': u'false', u'fb:pages': u'21595906224', u'news_keywords': u'Virus Outbreak, Vaccine Race', u'expires': u'Mon, 18 May 2020 05:18:07 UTC', u'msapplication-tileimage': u'https://www.sacbee.com/wps/source/images/sacbee/windowsmetro-144.png', u'og:image': u'https://www.mcclatchy-wires.com/incoming/lrgwuv/picture242477471/alternates/LANDSCAPE_1140/Virus_Outbreak_Vaccine_Race_57204.jpg', u'viewport': u'width=device-width, initial-scale=1.0', u'og:site_name': u'sacbee', u'twitter:card': u'summary_large_image', u'twitter:description': u'About 100 research groups around the world are pursuing vaccines against the coronavirus, with nearly a dozen in early stages of human trials or poised to start.', u'og:description': u'About 100 research groups around the world are pursuing vaccines against the coronavirus, with nearly a dozen in early stages of human trials or poised to start.'}], u'cse_thumbnail': [{u'src': u'https://encrypted-tbn2.gstatic.com/images?q=tbn:ANd9GcRamc238YqJChe8vGicgvh0J8k6rtzEjQ79CfObsWxcJjOZaqaNYgiT41M', u'height': u'168', u'width': u'300'}], u'cse_image': [{u'src': u'https://www.mcclatchy-wires.com/incoming/lrgwuv/picture242477471/alternates/LANDSCAPE_1140/Virus_Outbreak_Vaccine_Race_57204.jpg'}]}, u'snippet': u'1 day ago ... About 100 research groups around the world are pursuing vaccines against the \ncoronavirus, with nearly a dozen in early stages of human trials\xa0...', u'htmlSnippet': u'1 day ago <b>...</b> About 100 research groups around the world are pursuing vaccines against the <br>\ncoronavirus, with nearly a dozen in early stages of human trials&nbsp;...', u'link': u'https://www.sacbee.com/news/article242477481.html'}"
http://www.sacbee.com/,covid,"Llamas, estrogen and nicotine: The unusual COVID-19 treatments researchers are trying",NA2,NA2,article,"{u'kind': u'customsearch#result', u'title': u'Llamas, estrogen and nicotine: The unusual COVID-19 treatments ...', u'displayLink': u'www.sacbee.com', u'htmlTitle': u'Llamas, estrogen and nicotine: The unusual <b>COVID</b>-19 treatments ...', u'formattedUrl': u'https://www.sacbee.com/news/coronavirus/article242484581.html', u'htmlFormattedUrl': u'https://www.sacbee.com/news/coronavirus/article242484581.html', u'pagemap': {u'metatags': [{u'msapplication-tilecolor': u'#FFFFFF', u'twitter:image': u'https://www.sacbee.com/latest-news/6bljzu/picture242487161/alternates/LANDSCAPE_1140/200407_Lamaste_Winter_00_fitted.jpeg', u'parsely-metadata': u'{""article_id"": ""242484581""}', u'fb:app_id': u'832188313608327', u'allow-comments': u'true', u'twitter:site': u'sacbee_news', u'og:url': u'https://www.sacbee.com/news/coronavirus/article242484581.html', u'title': u'Coronavirus treatment experiments doctors test on patients | The Sacramento Bee', u'og:type': u'article', u'apple-itunes-app': u'app-id=382902278, affiliate-data=at=1010lHsN&ct=SmartAppBannerSAC, app-argument=https://www.sacbee.com/news/coronavirus/article242484581.html?appNav=smartBanner', u'og:title': u'Llamas, estrogen and nicotine: The unusual COVID-19 treatments researchers are trying', u'twitter:title': u'Llamas, estrogen and nicotine: The unusual COVID-19 treatments researchers are trying', u'article:opinion': u'false', u'fb:pages': u'21595906224', u'news_keywords': u'coronavirus, treatment, cure, covid 19, llama, nicotine, estrogen, vaccine, fda, research', u'original-source': u'https://www.sacbee.com/news/coronavirus/article242484581.html', u'msapplication-tileimage': u'https://www.sacbee.com/wps/source/images/sacbee/windowsmetro-144.png', u'og:image': u'https://www.sacbee.com/latest-news/6bljzu/picture242487161/alternates/LANDSCAPE_1140/200407_Lamaste_Winter_00_fitted.jpeg', u'viewport': u'width=device-width, initial-scale=1.0', u'og:site_name': u'sacbee', u'twitter:card': u'summary_large_image', u'twitter:description': u'Llama antibodies, estrogen, nicotine and stem cell \u201cmist\u201d are among coronavirus treatments that researchers are trying.', u'og:description': u'Llama antibodies, estrogen, nicotine and stem cell \u201cmist\u201d are among coronavirus treatments that researchers are trying.'}], u'cse_thumbnail': [{u'src': u'https://encrypted-tbn2.gstatic.com/images?q=tbn:ANd9GcTwJ-dnk-iaDOSguEU509oe9djL85Tr8dX2VnQqZ3Lr_dSwojuz8JDDmBUC', u'height': u'168', u'width': u'300'}], u'cse_image': [{u'src': u'https://www.sacbee.com/latest-news/6bljzu/picture242487161/alternates/LANDSCAPE_1140/200407_Lamaste_Winter_00_fitted.jpeg'}]}, u'snippet': u'1 day ago ... As the FDA allows use of remdesivir as a coronavirus treatment due to no cure or \nvaccine for the virus, researchers try unexpected experiments\xa0...', u'htmlSnippet': u'1 day ago <b>...</b> As the FDA allows use of remdesivir as a coronavirus treatment due to no cure or <br>\nvaccine for the virus, researchers try unexpected experiments&nbsp;...', u'link': u'https://www.sacbee.com/news/coronavirus/article242484581.html'}"
http://www.sacbee.com/,covid,Stranglers keyboardist Dave Greenfield dies with COVID-19,NA2,NA2,article,"{u'kind': u'customsearch#result', u'title': u'Stranglers keyboardist Dave Greenfield dies with COVID-19 | The ...', u'displayLink': u'www.sacbee.com', u'htmlTitle': u'Stranglers keyboardist Dave Greenfield dies with <b>COVID</b>-19 | The ...', u'formattedUrl': u'https://www.sacbee.com/entertainment/celebrities/article242487876.html', u'htmlFormattedUrl': u'https://www.sacbee.com/entertainment/celebrities/article242487876.html', u'pagemap': {u'metatags': [{u'msapplication-tilecolor': u'#FFFFFF', u'twitter:image': u'https://www.mcclatchy-wires.com/incoming/tkpkz6/picture242489326/alternates/LANDSCAPE_1140/Britain_Obit_Greenfield_07690.jpg', u'parsely-metadata': u'{""article_id"": ""242487876""}', u'fb:app_id': u'832188313608327', u'allow-comments': u'true', u'twitter:site': u'sacbee_news', u'og:url': u'https://www.sacbee.com/entertainment/celebrities/article242487876.html', u'copyright': u'Copyright 2020 The Associated Press. All rights reserved. This material may not be published, broadcast, rewritten or redistributed without permission.', u'title': u'Stranglers keyboardist Dave Greenfield dies with COVID-19 | The Sacramento Bee', u'og:type': u'article', u'apple-itunes-app': u'app-id=382902278, affiliate-data=at=1010lHsN&ct=SmartAppBannerSAC, app-argument=https://www.sacbee.com/entertainment/celebrities/article242487876.html?appNav=smartBanner', u'og:title': u'Stranglers keyboardist Dave Greenfield dies with COVID-19', u'twitter:title': u'Stranglers keyboardist Dave Greenfield dies with COVID-19', u'article:opinion': u'false', u'fb:pages': u'21595906224', u'news_keywords': u'Britain, Obit, Greenfield', u'expires': u'Mon, 18 May 2020 18:47:44 UTC', u'msapplication-tileimage': u'https://www.sacbee.com/wps/source/images/sacbee/windowsmetro-144.png', u'og:image': u'https://www.mcclatchy-wires.com/incoming/tkpkz6/picture242489326/alternates/LANDSCAPE_1140/Britain_Obit_Greenfield_07690.jpg', u'viewport': u'width=device-width, initial-scale=1.0', u'og:site_name': u'sacbee', u'twitter:card': u'summary_large_image', u'twitter:description': u'Dave Greenfield, the keyboard player with British punk band The Stranglers who penned the music to their biggest hit, Golden Brown, has died after testing positive for coronavirus.', u'og:description': u'Dave Greenfield, the keyboard player with British punk band The Stranglers who penned the music to their biggest hit, Golden Brown, has died after testing positive for coronavirus.'}], u'cse_thumbnail': [{u'src': u'https://encrypted-tbn0.gstatic.com/images?q=tbn:ANd9GcRdXKvnqquIeJsm7hB7cHHygaKVy8GvT7S_6KsCaH0l2xnSpkcyd8qswcnt', u'height': u'168', u'width': u'300'}], u'cse_image': [{u'src': u'https://www.mcclatchy-wires.com/incoming/tkpkz6/picture242489326/alternates/LANDSCAPE_1140/Britain_Obit_Greenfield_07690.jpg'}]}, u'snippet': u'1 day ago ... Dave Greenfield, the keyboard player with British punk band The Stranglers who \npenned the music to their biggest hit, Golden Brown, has died\xa0...', u'htmlSnippet': u'1 day ago <b>...</b> Dave Greenfield, the keyboard player with British punk band The Stranglers who <br>\npenned the music to their biggest hit, Golden Brown, has died&nbsp;...', u'link': u'https://www.sacbee.com/entertainment/celebrities/article242487876.html'}"
http://www.sacbee.com/,covid,"Hanks, who survived COVID-19, calls graduates the chosen",NA2,NA2,article,"{u'kind': u'customsearch#result', u'title': u""Hanks, who survived COVID-19, calls graduates 'the chosen' | The ..."", u'displayLink': u'www.sacbee.com', u'htmlTitle': u'Hanks, who survived <b>COVID</b>-19, calls graduates &#39;the chosen&#39; | The ...', u'formattedUrl': u'https://www.sacbee.com/entertainment/celebrities/article242490901.html', u'htmlFormattedUrl': u'https://www.sacbee.com/entertainment/celebrities/article242490901.html', u'pagemap': {u'metatags': [{u'msapplication-tilecolor': u'#FFFFFF', u'twitter:image': u'https://www.mcclatchy-wires.com/incoming/gs8l2p/picture242490896/alternates/LANDSCAPE_1140/People_Tom_Hanks_71404.jpg', u'parsely-metadata': u'{""article_id"": ""242490901""}', u'fb:app_id': u'832188313608327', u'allow-comments': u'true', u'twitter:site': u'sacbee_news', u'og:url': u'https://www.sacbee.com/entertainment/celebrities/article242490901.html', u'copyright': u'Copyright 2020 The Associated Press. All rights reserved. This material may not be published, broadcast, rewritten or redistributed without permission.', u'title': u'Hanks, who survived COVID-19, calls graduates \u2018the chosen\u2019 | The Sacramento Bee', u'og:type': u'article', u'apple-itunes-app': u'app-id=382902278, affiliate-data=at=1010lHsN&ct=SmartAppBannerSAC, app-argument=https://www.sacbee.com/entertainment/celebrities/article242490901.html?appNav=smartBanner', u'og:title': u'Hanks, who survived COVID-19, calls graduates \u2018the chosen\u2019', u'twitter:title': u'Hanks, who survived COVID-19, calls graduates \u2018the chosen\u2019', u'article:opinion': u'false', u'fb:pages': u'21595906224', u'news_keywords': u'People, Tom Hanks', u'expires': u'Mon, 18 May 2020 19:22:44 UTC', u'msapplication-tileimage': u'https://www.sacbee.com/wps/source/images/sacbee/windowsmetro-144.png', u'og:image': u'https://www.mcclatchy-wires.com/incoming/gs8l2p/picture242490896/alternates/LANDSCAPE_1140/People_Tom_Hanks_71404.jpg', u'viewport': u'width=device-width, initial-scale=1.0', u'og:site_name': u'sacbee', u'twitter:card': u'summary_large_image', u'twitter:description': u'Tom Hanks says graduates of an Ohio university that has a film center named for him are \u201cthe chosen ones.\u201d.', u'og:description': u'Tom Hanks says graduates of an Ohio university that has a film center named for him are \u201cthe chosen ones.\u201d.'}], u'cse_thumbnail': [{u'src': u'https://encrypted-tbn2.gstatic.com/images?q=tbn:ANd9GcTg5-exYUHQJz22IcD3_W7TrjfZ62COtKf0zrBkByYIKydR5aYo63KAKIIR', u'height': u'168', u'width': u'300'}], u'cse_image': [{u'src': u'https://www.mcclatchy-wires.com/incoming/gs8l2p/picture242490896/alternates/LANDSCAPE_1140/People_Tom_Hanks_71404.jpg'}]}, u'snippet': u'1 day ago ... Hanks was among the first major Hollywood figures to announce he had COVID-\n19, the disease caused by the coronavirus that is ravaging the\xa0...', u'htmlSnippet': u'1 day ago <b>...</b> Hanks was among the first major Hollywood figures to announce he had <b>COVID</b>-<br>\n19, the disease caused by the coronavirus that is ravaging the&nbsp;...', u'link': u'https://www.sacbee.com/entertainment/celebrities/article242490901.html'}"
http://www.sacbee.com/,covid,Mysterious happy hypoxics: What doctors know about the latest coronavirus condition,NA2,NA2,article,"{u'kind': u'customsearch#result', u'title': u'COVID-19 patients can breathe despite low oxygen levels | Miami ...', u'displayLink': u'www.sacbee.com', u'htmlTitle': u'<b>COVID</b>-19 patients can breathe despite low oxygen levels | Miami ...', u'formattedUrl': u'https://www.sacbee.com/news/coronavirus/article242481951.html', u'htmlFormattedUrl': u'https://www.sacbee.com/news/coronavirus/article242481951.html', u'pagemap': {u'metatags': [{u'msapplication-tilecolor': u'#FFFFFF', u'twitter:image': u'https://www.mcclatchy-wires.com/incoming/3zunke/picture242468346/alternates/LANDSCAPE_1140/Virus_Outbreak_Preexisting_Conditions_74642.jpg', u'parsely-metadata': u'{""article_id"": ""242481951""}', u'fb:app_id': u'133847067760', u'allow-comments': u'true', u'twitter:site': u'miamiherald', u'og:url': u'https://www.miamiherald.com/news/coronavirus/article242481951.html', u'title': u'COVID-19 patients can breathe despite low oxygen levels | Miami Herald', u'og:type': u'article', u'apple-itunes-app': u'app-id=366466705, affiliate-data=at=1010lHsN&ct=SmartAppBannerMIA, app-argument=https://www.miamiherald.com/news/coronavirus/article242481951.html?appNav=smartBanner', u'og:title': u'Mysterious \u2018happy hypoxics\u2019: What doctors know about the latest coronavirus condition', u'twitter:title': u'Mysterious \u2018happy hypoxics\u2019: What doctors know about the latest coronavirus condition', u'article:opinion': u'false', u'fb:pages': u'38925837299', u'news_keywords': u'hypoxia, coronavirus, COVID-19, pandemic, blood thinners, oxygen, blood, difficulty breathing, carbon dioxide, lungs', u'original-source': u'https://www.miamiherald.com/news/coronavirus/article242481951.html', u'msapplication-tileimage': u'https://www.miamiherald.com/wps/source/images/miamiherald/windowsmetro-144.png', u'og:image': u'https://www.mcclatchy-wires.com/incoming/3zunke/picture242468346/alternates/LANDSCAPE_1140/Virus_Outbreak_Preexisting_Conditions_74642.jpg', u'viewport': u'width=device-width, initial-scale=1.0', u'og:site_name': u'miamiherald', u'twitter:card': u'summary_large_image', u'twitter:description': u'Doctors admit they are not sure what\u2019s causing this unusual condition.', u'og:description': u'Doctors admit they are not sure what\u2019s causing this unusual condition.'}], u'cse_thumbnail': [{u'src': u'https://encrypted-tbn1.gstatic.com/images?q=tbn:ANd9GcQLx_sDRES52qFnOio8cDr9krWG_R5SXI160o-pOxM2n4RH17YcDKKwP4ul', u'height': u'168', u'width': u'300'}], u'cse_image': [{u'src': u'https://www.mcclatchy-wires.com/incoming/3zunke/picture242468346/alternates/LANDSCAPE_1140/Virus_Outbreak_Preexisting_Conditions_74642.jpg'}]}, u'snippet': u'1 day ago ... Patients with COVID-19 \u2014 the disease the virus causes \u2014 with dangerously low \nblood-oxygen levels appear to have normal breathing, yet\xa0...', u'htmlSnippet': u'1 day ago <b>...</b> Patients with <b>COVID</b>-19 \u2014 the disease the virus causes \u2014 with dangerously low <br>\nblood-oxygen levels appear to have normal breathing, yet&nbsp;...', u'link': u'https://www.sacbee.com/news/coronavirus/article242481951.html'}"
http://www.sacbee.com/,covid,"In a time of COVID-19, Obamacare still part of the action",NA2,NA2,article,"{u'kind': u'customsearch#result', u'title': u""In a time of COVID-19, 'Obamacare' still part of the action | The ..."", u'displayLink': u'www.sacbee.com', u'htmlTitle': u'In a time of <b>COVID</b>-19, &#39;Obamacare&#39; still part of the action | The ...', u'formattedUrl': u'https://www.sacbee.com/news/article242468366.html', u'htmlFormattedUrl': u'https://www.sacbee.com/news/article242468366.html', u'pagemap': {u'metatags': [{u'msapplication-tilecolor': u'#FFFFFF', u'twitter:image': u'https://www.mcclatchy-wires.com/incoming/3zunke/picture242468346/alternates/LANDSCAPE_1140/Virus_Outbreak_Preexisting_Conditions_74642.jpg', u'parsely-metadata': u'{""article_id"": ""242468366""}', u'fb:app_id': u'832188313608327', u'allow-comments': u'true', u'twitter:site': u'sacbee_news', u'og:url': u'https://www.sacbee.com/news/article242468366.html', u'copyright': u'Copyright 2020 The Associated Press. All rights reserved. This material may not be published, broadcast, rewritten or redistributed without permission.', u'title': u'In a time of COVID-19, \u2018Obamacare\u2019 still part of the action | The Sacramento Bee', u'og:type': u'article', u'apple-itunes-app': u'app-id=382902278, affiliate-data=at=1010lHsN&ct=SmartAppBannerSAC, app-argument=https://www.sacbee.com/news/article242468366.html?appNav=smartBanner', u'og:title': u'In a time of COVID-19, \u2018Obamacare\u2019 still part of the action', u'twitter:title': u'In a time of COVID-19, \u2018Obamacare\u2019 still part of the action', u'article:opinion': u'false', u'fb:pages': u'21595906224', u'news_keywords': u'Virus Outbreak, Preexisting Conditions', u'expires': u'Sun, 17 May 2020 17:30:50 UTC', u'msapplication-tileimage': u'https://www.sacbee.com/wps/source/images/sacbee/windowsmetro-144.png', u'og:image': u'https://www.mcclatchy-wires.com/incoming/3zunke/picture242468346/alternates/LANDSCAPE_1140/Virus_Outbreak_Preexisting_Conditions_74642.jpg', u'viewport': u'width=device-width, initial-scale=1.0', u'og:site_name': u'sacbee', u'twitter:card': u'summary_large_image', u'twitter:description': u'COVID-19 could have stamped someone \u201cuninsurable\u201d \xa0if not for the Affordable Care Act.', u'og:description': u'COVID-19 could have stamped someone \u201cuninsurable\u201d \xa0if not for the Affordable Care Act.'}], u'cse_thumbnail': [{u'src': u'https://encrypted-tbn1.gstatic.com/images?q=tbn:ANd9GcQLx_sDRES52qFnOio8cDr9krWG_R5SXI160o-pOxM2n4RH17YcDKKwP4ul', u'height': u'168', u'width': u'300'}], u'cse_image': [{u'src': u'https://www.mcclatchy-wires.com/incoming/3zunke/picture242468346/alternates/LANDSCAPE_1140/Virus_Outbreak_Preexisting_Conditions_74642.jpg'}]}, u'snippet': u'1 day ago ... COVID-19 could have stamped a person \u201cuninsurable\u201d if not for the Affordable \nCare Act. The ban on insurers using preexisting conditions to\xa0...', u'htmlSnippet': u'1 day ago <b>...</b> <b>COVID</b>-19 could have stamped a person \u201cuninsurable\u201d if not for the Affordable <br>\nCare Act. The ban on insurers using preexisting conditions to&nbsp;...', u'link': u'https://www.sacbee.com/news/article242468366.html'}"
http://www.sacbee.com/,covid,"Stem cell mist cured COVID-19 patients in the Middle East, doctors say. Heres how",NA2,NA2,article,"{u'kind': u'customsearch#result', u'title': u'COVID-19 stem cell mist treatment: All UAE patients healed | Miami ...', u'displayLink': u'www.sacbee.com', u'htmlTitle': u'<b>COVID</b>-19 stem cell mist treatment: All UAE patients healed | Miami ...', u'formattedUrl': u'https://www.sacbee.com/news/coronavirus/article242485796.html', u'htmlFormattedUrl': u'https://www.sacbee.com/news/coronavirus/article242485796.html', u'pagemap': {u'metatags': [{u'msapplication-tilecolor': u'#FFFFFF', u'twitter:image': u'https://www.miamiherald.com/latest-news/vxkfug/picture242372936/alternates/LANDSCAPE_1140/AP20120513337406.jpg', u'parsely-metadata': u'{""article_id"": ""242485796""}', u'fb:app_id': u'133847067760', u'allow-comments': u'true', u'twitter:site': u'miamiherald', u'og:url': u'https://www.miamiherald.com/news/coronavirus/article242485796.html', u'title': u'COVID-19 stem cell mist treatment: All UAE patients healed | Miami Herald', u'og:type': u'article', u'apple-itunes-app': u'app-id=366466705, affiliate-data=at=1010lHsN&ct=SmartAppBannerMIA, app-argument=https://www.miamiherald.com/news/coronavirus/article242485796.html?appNav=smartBanner', u'og:title': u'Stem cell \u2018mist\u2019 cured COVID-19 patients in the Middle East, doctors say. Here\u2019s how', u'twitter:title': u'Stem cell \u2018mist\u2019 cured COVID-19 patients in the Middle East, doctors say. Here\u2019s how', u'article:opinion': u'false', u'fb:pages': u'38925837299', u'news_keywords': u'coronavirus, stem cells, COVID-19, treatment, symptoms, lungs, mist, immune system, pandemic, United Arab Emirates', u'original-source': u'https://www.miamiherald.com/news/coronavirus/article242485796.html', u'msapplication-tileimage': u'https://www.miamiherald.com/wps/source/images/miamiherald/windowsmetro-144.png', u'og:image': u'https://www.miamiherald.com/latest-news/vxkfug/picture242372936/alternates/LANDSCAPE_1140/AP20120513337406.jpg', u'viewport': u'width=device-width, initial-scale=1.0', u'og:site_name': u'miamiherald', u'twitter:card': u'summary_large_image', u'twitter:description': u'The treatment is among many that use stem cells to improve immune system function.', u'og:description': u'The treatment is among many that use stem cells to improve immune system function.'}], u'cse_thumbnail': [{u'src': u'https://encrypted-tbn0.gstatic.com/images?q=tbn:ANd9GcStcymQVmh1tcxePy15rW4CvXGb4uM_JzUCDAqul0gHutNFhokXEIflzzw', u'height': u'168', u'width': u'300'}], u'cse_image': [{u'src': u'https://www.miamiherald.com/latest-news/vxkfug/picture242372936/alternates/LANDSCAPE_1140/AP20120513337406.jpg'}]}, u'snippet': u'1 day ago ... Coronavirus patients in the United Arab Emirates were cured after inhaling stem \ncell mist. Doctors say the treatment helps the immune system\xa0...', u'htmlSnippet': u'1 day ago <b>...</b> Coronavirus patients in the United Arab Emirates were cured after inhaling stem <br>\ncell mist. Doctors say the treatment helps the immune system&nbsp;...', u'link': u'https://www.sacbee.com/news/coronavirus/article242485796.html'}"
http://www.sacbee.com/,covid,"McIlroy, Johnson headline charity match for COVID-19 relief",NA2,NA2,article,"{u'kind': u'customsearch#result', u'title': u'McIlroy, Johnson headline charity match for COVID-19 relief | The ...', u'displayLink': u'www.sacbee.com', u'htmlTitle': u'McIlroy, Johnson headline charity match for <b>COVID</b>-19 relief | The ...', u'formattedUrl': u'https://www.sacbee.com/entertainment/celebrities/article242479351.html', u'htmlFormattedUrl': u'https://www.sacbee.com/entertainment/celebrities/article242479351.html', u'pagemap': {u'metatags': [{u'msapplication-tilecolor': u'#FFFFFF', u'twitter:image': u'https://www.mcclatchy-wires.com/incoming/5mwu3/picture242479341/alternates/LANDSCAPE_1140/Virus_Outbreak_Golf_20603.jpg', u'parsely-metadata': u'{""article_id"": ""242479351""}', u'fb:app_id': u'832188313608327', u'allow-comments': u'true', u'twitter:site': u'sacbee_news', u'og:url': u'https://www.sacbee.com/entertainment/celebrities/article242479351.html', u'copyright': u'Copyright 2020 The Associated Press. All rights reserved. This material may not be published, broadcast, rewritten or redistributed without permission.', u'title': u'McIlroy, Johnson headline charity match for COVID-19 relief | The Sacramento Bee', u'og:type': u'article', u'apple-itunes-app': u'app-id=382902278, affiliate-data=at=1010lHsN&ct=SmartAppBannerSAC, app-argument=https://www.sacbee.com/entertainment/celebrities/article242479351.html?appNav=smartBanner', u'og:title': u'McIlroy, Johnson headline charity match for COVID-19 relief', u'twitter:title': u'McIlroy, Johnson headline charity match for COVID-19 relief', u'article:opinion': u'false', u'fb:pages': u'21595906224', u'news_keywords': u'Seminole Match', u'expires': u'Mon, 18 May 2020 18:02:15 UTC', u'msapplication-tileimage': u'https://www.sacbee.com/wps/source/images/sacbee/windowsmetro-144.png', u'og:image': u'https://www.mcclatchy-wires.com/incoming/5mwu3/picture242479341/alternates/LANDSCAPE_1140/Virus_Outbreak_Golf_20603.jpg', u'viewport': u'width=device-width, initial-scale=1.0', u'og:site_name': u'sacbee', u'twitter:card': u'summary_large_image', u'twitter:description': u'Rory McIlroy and Dustin Johnson headline a $3 million charity match on May 17 that marks the return of televised golf.', u'og:description': u'Rory McIlroy and Dustin Johnson headline a $3 million charity match on May 17 that marks the return of televised golf.'}], u'cse_thumbnail': [{u'src': u'https://encrypted-tbn2.gstatic.com/images?q=tbn:ANd9GcSVLAwW-DHx9su7xI8yjeYelEPKGA6VvOmdlzoPm_437rITSq5w-RFyB0vA', u'height': u'168', u'width': u'300'}], u'cse_image': [{u'src': u'https://www.mcclatchy-wires.com/incoming/5mwu3/picture242479341/alternates/LANDSCAPE_1140/Virus_Outbreak_Golf_20603.jpg'}]}, u'snippet': u'1 day ago ... Rory McIlroy and Dustin Johnson headline a $3 million charity match on May 17 \nthat marks the return of televised golf.', u'htmlSnippet': u'1 day ago <b>...</b> Rory McIlroy and Dustin Johnson headline a $3 million charity match on May 17 <br>\nthat marks the return of televised golf.', u'link': u'https://www.sacbee.com/entertainment/celebrities/article242479351.html'}"
http://www.sacbee.com/,covid,Gavin Newsom  at times his own worst enemy  undermines his own credibility in crisis,NA2,NA2,article,"{u'kind': u'customsearch#result', u'title': u""Newsom's errors hurts his credibility in COVID-19 crisis | The ..."", u'displayLink': u'www.sacbee.com', u'htmlTitle': u'Newsom&#39;s errors hurts his credibility in <b>COVID</b>-19 crisis | The ...', u'formattedUrl': u'https://www.sacbee.com/opinion/article242455501.html', u'htmlFormattedUrl': u'https://www.sacbee.com/opinion/article242455501.html', u'pagemap': {u'metatags': [{u'msapplication-tilecolor': u'#FFFFFF', u'twitter:image': u'https://www.sacbee.com/latest-news/yidjzv/picture241015341/alternates/LANDSCAPE_1140/SAC_RCB_20200304_COVID-190144%20(2)', u'parsely-metadata': u'{""article_id"": ""242455501""}', u'fb:app_id': u'832188313608327', u'allow-comments': u'true', u'twitter:site': u'sacbee_news', u'og:url': u'https://www.sacbee.com/opinion/article242455501.html', u'title': u'Newsom\u2019s errors hurts his credibility in COVID-19 crisis | The Sacramento Bee', u'og:type': u'article', u'apple-itunes-app': u'app-id=382902278, affiliate-data=at=1010lHsN&ct=SmartAppBannerSAC, app-argument=https://www.sacbee.com/opinion/article242455501.html?appNav=smartBanner', u'og:title': u'Gavin Newsom \u2013 at times his own worst enemy \u2013 undermines his own credibility in crisis', u'twitter:title': u'Gavin Newsom \u2013 at times his own worst enemy \u2013 undermines his own credibility in crisis', u'article:opinion': u'false', u'fb:pages': u'21595906224', u'news_keywords': u'california, governor, gavin newsom, coronavirus, covid 19, stay at home, protest, shutdown, legislature, economy', u'original-source': u'https://www.sacbee.com/opinion/article242455501.html', u'msapplication-tileimage': u'https://www.sacbee.com/wps/source/images/sacbee/windowsmetro-144.png', u'og:image': u'https://www.sacbee.com/latest-news/yidjzv/picture241015341/alternates/LANDSCAPE_1140/SAC_RCB_20200304_COVID-190144%20(2)', u'viewport': u'width=device-width, initial-scale=1.0', u'og:site_name': u'sacbee', u'twitter:card': u'summary_large_image', u'twitter:description': u'When California legislators, decades ago, gave governors the power to declare emergencies and quickly deal with them, they probably had in mind sudden events such as earthquakes, wildfires or perhaps riots.', u'og:description': u'When California legislators, decades ago, gave governors the power to declare emergencies and quickly deal with them, they probably had in mind sudden events such as earthquakes, wildfires or perhaps riots.'}], u'cse_thumbnail': [{u'src': u'https://encrypted-tbn0.gstatic.com/images?q=tbn:ANd9GcTu2v33kVXrKpsYK4GMWbDqRt2GVbZK9A81YTk-wLjpeDWCImvKOGLrUVQ', u'height': u'168', u'width': u'300'}], u'cse_image': [{u'src': u'https://www.sacbee.com/latest-news/yidjzv/picture241015341/alternates/LANDSCAPE_1140/SAC_RCB_20200304_COVID-190144%20(2)'}]}, u'snippet': u'1 day ago ... California Gov. Gavin Newsom faces rising criticism as people grow weary of the \neconomic shutdown and his errors pile up. Can he maintain\xa0...', u'htmlSnippet': u'1 day ago <b>...</b> California Gov. Gavin Newsom faces rising criticism as people grow weary of the <br>\neconomic shutdown and his errors pile up. Can he maintain&nbsp;...', u'link': u'https://www.sacbee.com/opinion/article242455501.html'}"
